Workbook

Sheet DATA
A1: SO HD | B1: NGAY | C1: MA KH | D1: TEN KH | E1: MÃ NV | G1: MÃ HH | H1: TÊN SP | I1: SL | J1: ĐƠN GIÁ | K1: THÀNH TIỀN | L1: VAT | M1: NHÃN HÀNG | N1: CỬA HÀNG | O1: HỆ THỐNG
L2: =K2*1.1 -> 0 | M2: =IF(ISNUMBER(SEARCH("Azarine",H2)),"AZARINE",IF(ISNUMBER(SEARCH("Baking Soda",H2)),"BAKING SODA",IF(ISNUMBER(SEARCH("Fujitsu",H2)),"FUJITSU",IF(ISNUMBER(SEARCH("Coleman",H2)),"COLEMAN",""))))
L3: =K3*1.1 -> 0 | M3: =IF(ISNUMBER(SEARCH("Azarine",H3)),"AZARINE",IF(ISNUMBER(SEARCH("Baking Soda",H3)),"BAKING SODA",IF(ISNUMBER(SEARCH("Fujitsu",H3)),"FUJITSU",IF(ISNUMBER(SEARCH("Coleman",H3)),"COLEMAN",""))))
L4: =K4*1.1 -> 0 | M4: =IF(ISNUMBER(SEARCH("Azarine",H4)),"AZARINE",IF(ISNUMBER(SEARCH("Baking Soda",H4)),"BAKING SODA",IF(ISNUMBER(SEARCH("Fujitsu",H4)),"FUJITSU",IF(ISNUMBER(SEARCH("Coleman",H4)),"COLEMAN",""))))
L5: =K5*1.1 -> 0 | M5: =IF(ISNUMBER(SEARCH("Azarine",H5)),"AZARINE",IF(ISNUMBER(SEARCH("Baking Soda",H5)),"BAKING SODA",IF(ISNUMBER(SEARCH("Fujitsu",H5)),"FUJITSU",IF(ISNUMBER(SEARCH("Coleman",H5)),"COLEMAN",""))))
L6: =K6*1.1 -> 0 | M6: =IF(ISNUMBER(SEARCH("Azarine",H6)),"AZARINE",IF(ISNUMBER(SEARCH("Baking Soda",H6)),"BAKING SODA",IF(ISNUMBER(SEARCH("Fujitsu",H6)),"FUJITSU",IF(ISNUMBER(SEARCH("Coleman",H6)),"COLEMAN",""))))
L7: =K7*1.1 -> 0 | M7: =IF(ISNUMBER(SEARCH("Azarine",H7)),"AZARINE",IF(ISNUMBER(SEARCH("Baking Soda",H7)),"BAKING SODA",IF(ISNUMBER(SEARCH("Fujitsu",H7)),"FUJITSU",IF(ISNUMBER(SEARCH("Coleman",H7)),"COLEMAN",""))))
L8: =K8*1.1 -> 0 | M8: =IF(ISNUMBER(SEARCH("Azarine",H8)),"AZARINE",IF(ISNUMBER(SEARCH("Baking Soda",H8)),"BAKING SODA",IF(ISNUMBER(SEARCH("Fujitsu",H8)),"FUJITSU",IF(ISNUMBER(SEARCH("Coleman",H8)),"COLEMAN",""))))
L9: =K9*1.1 -> 0 | M9: =IF(ISNUMBER(SEARCH("Azarine",H9)),"AZARINE",IF(ISNUMBER(SEARCH("Baking Soda",H9)),"BAKING SODA",IF(ISNUMBER(SEARCH("Fujitsu",H9)),"FUJITSU",IF(ISNUMBER(SEARCH("Coleman",H9)),"COLEMAN",""))))
L10: =K10*1.1 -> 0 | M10: =IF(ISNUMBER(SEARCH("Azarine",H10)),"AZARINE",IF(ISNUMBER(SEARCH("Baking Soda",H10)),"BAKING SODA",IF(ISNUMBER(SEARCH("Fujitsu",H10)),"FUJITSU",IF(ISNUMBER(SEARCH("Coleman",H10)),"COLEMAN",""))))
L11: =K11*1.1 -> 0 | M11: =IF(ISNUMBER(SEARCH("Azarine",H11)),"AZARINE",IF(ISNUMBER(SEARCH("Baking Soda",H11)),"BAKING SODA",IF(ISNUMBER(SEARCH("Fujitsu",H11)),"FUJITSU",IF(ISNUMBER(SEARCH("Coleman",H11)),"COLEMAN",""))))
L12: =K12*1.1 -> 0 | M12: =IF(ISNUMBER(SEARCH("Azarine",H12)),"AZARINE",IF(ISNUMBER(SEARCH("Baking Soda",H12)),"BAKING SODA",IF(ISNUMBER(SEARCH("Fujitsu",H12)),"FUJITSU",IF(ISNUMBER(SEARCH("Coleman",H12)),"COLEMAN",""))))
L13: =K13*1.1 -> 0 | M13: =IF(ISNUMBER(SEARCH("Azarine",H13)),"AZARINE",IF(ISNUMBER(SEARCH("Baking Soda",H13)),"BAKING SODA",IF(ISNUMBER(SEARCH("Fujitsu",H13)),"FUJITSU",IF(ISNUMBER(SEARCH("Coleman",H13)),"COLEMAN",""))))
... L1217: =K1217*1.1 -> 0 | M1217: =IF(ISNUMBER(SEARCH("Azarine",H1217)),"AZARINE",IF(ISNUMBER(SEARCH("Baking Soda",H1217)),"BAKING SODA",IF(ISNUMBER(SEARCH("Fujitsu",H1217)),"FUJITSU",IF(ISNUMBER(SEARCH("Coleman",H1217)),"COLEMAN",""))))

Sheet SALES BY SYSTEM
F1: COLEMAN | H1: FUJITSU | J1: AZARINE | L1: BAKING SODA | O1: COLEMAN
A2: HỆ THỐNG | B2: SIÊU THỊ | C2: TỔNG TARGET | D2: THỰC ĐẠT | E2: % | O2: FUJITSU
F3: TARGET | G3: THỰC ĐẠT | H3: TARGET | I3: THỰC ĐẠT | J3: TARGET | K3: THỰC ĐẠT | L3: TARGET | M3: THỰC ĐẠT | O3: AZARINE
A4: LE NAM PHUONG | C4: =ROUNDUP(SUM(C5:C15),-5) -> 2079900000 | D4: =SUM(G4,I4,M4,K4) -> 0 | E4: =D4/C4 -> 0 | F4: =IFERROR(SUM(F5:F15),"") -> 3.5116518e+08 | G4: =IFERROR(SUM(G5:G15),"") -> 0 | H4: =IFERROR(SUM(H5:H15),"") -> 1.6488051e+08 | I4: =IFERROR(SUM(I5:I15),"") -> 0 | J4: =IFERROR(SUM(J5:J15),"") -> 2.008894e+08 | K4: =IFERROR(SUM(K5:K15),"") -> 0 | L4: =IFERROR(SUM(L5:L15),"") -> 1.3629537e+09 | M4: =IFERROR(SUM(M5:M15),"") -> 0 | O4: BAKING SODA
A5: ACE | B5: 3 | C5: =SUMIFS('SALE BY STORE'!$H$3:$H$982,'SALE BY STORE'!$B$3:$B$982,'SALES BY SYSTEM'!$A5) -> 46261523 | D5: =VALUE(SUM(G5,I5,M5,K5)) -> 0 | E5: =IFERROR(D5/C5,"") -> 0 | F5: =SUMIFS('SALE BY STORE'!$K$3:$K$982,'SALE BY STORE'!$B$3:$B$982,'SALES BY SYSTEM'!$A5) -> 33206507 | G5: =SUMIFS(DATA!$L:$L,DATA!$O:$O,'SALES BY SYSTEM'!$A5,DATA!$M:$M,'SALES BY SYSTEM'!$O$1) -> 0 | H5: =SUMIFS('SALE BY STORE'!$N$3:$N$982,'SALE BY STORE'!$B$3:$B$982,'SALES BY SYSTEM'!$A5) -> 13055016 | I5: =SUMIFS(DATA!$L:$L,DATA!$O:$O,'SALES BY SYSTEM'!$A5,DATA!$M:$M,'SALES BY SYSTEM'!$O$2) -> 0 | J5: =SUMIFS('SALE BY STORE'!$T$3:$T$982,'SALE BY STORE'!$B$3:$B$982,'SALES BY SYSTEM'!$A5) -> 0 | K5: =SUMIFS(DATA!$L:$L,DATA!$O:$O,'SALES BY SYSTEM'!$A5,DATA!$M:$M,'SALES BY SYSTEM'!$O$3) -> 0 | L5: =SUMIFS('SALE BY STORE'!$Q$3:$Q$982,'SALE BY STORE'!$B$3:$B$982,'SALES BY SYSTEM'!$A5) -> 0 | M5: =SUMIFS(DATA!$L:$L,DATA!$O:$O,'SALES BY SYSTEM'!$A5,DATA!$M:$M,'SALES BY SYSTEM'!$O$4) -> 0
A6: AEON | B6: 7 | C6: =SUMIFS('SALE BY STORE'!$H$3:$H$982,'SALE BY STORE'!$B$3:$B$982,'SALES BY SYSTEM'!$A6) -> 0 | D6: =VALUE(SUM(G6,I6,M6,K6)) -> 0 | E6: =IFERROR(D6/C6,"") | F6: =SUMIFS('SALE BY STORE'!$K$3:$K$982,'SALE BY STORE'!$B$3:$B$982,'SALES BY SYSTEM'!$A6) -> 0 | G6: =SUMIFS(DATA!$L:$L,DATA!$O:$O,'SALES BY SYSTEM'!$A6,DATA!$M:$M,'SALES BY SYSTEM'!$O$1) -> 0 | H6: =SUMIFS('SALE BY STORE'!$N$3:$N$982,'SALE BY STORE'!$B$3:$B$982,'SALES BY SYSTEM'!$A6) -> 0 | I6: =SUMIFS(DATA!$L:$L,DATA!$O:$O,'SALES BY SYSTEM'!$A6,DATA!$M:$M,'SALES BY SYSTEM'!$O$2) -> 0 | J6: =SUMIFS('SALE BY STORE'!$T$3:$T$982,'SALE BY STORE'!$B$3:$B$982,'SALES BY SYSTEM'!$A6) -> 0 | K6: =SUMIFS(DATA!$L:$L,DATA!$O:$O,'SALES BY SYSTEM'!$A6,DATA!$M:$M,'SALES BY SYSTEM'!$O$3) -> 0 | L6: =SUMIFS('SALE BY STORE'!$Q$3:$Q$982,'SALE BY STORE'!$B$3:$B$982,'SALES BY SYSTEM'!$A6) -> 0 | M6: =SUMIFS(DATA!$L:$L,DATA!$O:$O,'SALES BY SYSTEM'!$A6,DATA!$M:$M,'SALES BY SYSTEM'!$O$4) -> 0 | O6: BAKING SODA
A7: BIG C | B7: 48 | C7: =SUMIFS('SALE BY STORE'!$H$3:$H$982,'SALE BY STORE'!$B$3:$B$982,'SALES BY SYSTEM'!$A7) -> 4.9712342e+08 | D7: =VALUE(SUM(G7,I7,M7,K7)) -> 0 | E7: =IFERROR(D7/C7,"") -> 0 | F7: =SUMIFS('SALE BY STORE'!$K$3:$K$982,'SALE BY STORE'!$B$3:$B$982,'SALES BY SYSTEM'!$A7) -> 0 | G7: =SUMIFS(DATA!$L:$L,DATA!$O:$O,'SALES BY SYSTEM'!$A7,DATA!$M:$M,'SALES BY SYSTEM'!$O$1) -> 0 | H7: =SUMIFS('SALE BY STORE'!$N$3:$N$982,'SALE BY STORE'!$B$3:$B$982,'SALES BY SYSTEM'!$A7) -> 85244906 | I7: =SUMIFS(DATA!$L:$L,DATA!$O:$O,'SALES BY SYSTEM'!$A7,DATA!$M:$M,'SALES BY SYSTEM'!$O$2) -> 0 | J7: =SUMIFS('SALE BY STORE'!$T$3:$T$982,'SALE BY STORE'!$B$3:$B$982,'SALES BY SYSTEM'!$A7) -> 0 | K7: =SUMIFS(DATA!$L:$L,DATA!$O:$O,'SALES BY SYSTEM'!$A7,DATA!$M:$M,'SALES BY SYSTEM'!$O$3) -> 0 | L7: =SUMIFS('SALE BY STORE'!$Q$3:$Q$982,'SALE BY STORE'!$B$3:$B$982,'SALES BY SYSTEM'!$A7) -> 4.1187851e+08 | M7: =SUMIFS(DATA!$L:$L,DATA!$O:$O,'SALES BY SYSTEM'!$A7,DATA!$M:$M,'SALES BY SYSTEM'!$O$4) -> 0 | O7: FUJITSU
A8: EMART | B8: 1 | C8: =SUMIFS('SALE BY STORE'!$H$3:$H$982,'SALE BY STORE'!$B$3:$B$982,'SALES BY SYSTEM'!$A8) -> 65275082 | D8: =VALUE(SUM(G8,I8,M8,K8)) -> 0 | E8: =IFERROR(D8/C8,"") -> 0 | F8: =SUMIFS('SALE BY STORE'!$K$3:$K$982,'SALE BY STORE'!$B$3:$B$982,'SALES BY SYSTEM'!$A8) -> 0 | G8: =SUMIFS(DATA!$L:$L,DATA!$O:$O,'SALES BY SYSTEM'!$A8,DATA!$M:$M,'SALES BY SYSTEM'!$O$1) -> 0 | H8: =SUMIFS('SALE BY STORE'!$N$3:$N$982,'SALE BY STORE'!$B$3:$B$982,'SALES BY SYSTEM'!$A8) -> 65275082 | I8: =SUMIFS(DATA!$L:$L,DATA!$O:$O,'SALES BY SYSTEM'!$A8,DATA!$M:$M,'SALES BY SYSTEM'!$O$2) -> 0 | J8: =SUMIFS('SALE BY STORE'!$T$3:$T$982,'SALE BY STORE'!$B$3:$B$982,'SALES BY SYSTEM'!$A8) -> 0 | K8: =SUMIFS(DATA!$L:$L,DATA!$O:$O,'SALES BY SYSTEM'!$A8,DATA!$M:$M,'SALES BY SYSTEM'!$O$3) -> 0 | L8: =SUMIFS('SALE BY STORE'!$Q$3:$Q$982,'SALE BY STORE'!$B$3:$B$982,'SALES BY SYSTEM'!$A8) -> 0 | M8: =SUMIFS(DATA!$L:$L,DATA!$O:$O,'SALES BY SYSTEM'!$A8,DATA!$M:$M,'SALES BY SYSTEM'!$O$4) -> 0 | O8: ADIDAS
A9: MEGA | B9: 19 | C9: =SUMIFS('SALE BY STORE'!$H$3:$H$982,'SALE BY STORE'!$B$3:$B$982,'SALES BY SYSTEM'!$A9) -> 4.9576643e+08 | D9: =VALUE(SUM(G9,I9,M9,K9)) -> 0 | E9: =IFERROR(D9/C9,"") -> 0 | F9: =SUMIFS('SALE BY STORE'!$K$3:$K$982,'SALE BY STORE'!$B$3:$B$982,'SALES BY SYSTEM'!$A9) -> 3.1795867e+08 | G9: =SUMIFS(DATA!$L:$L,DATA!$O:$O,'SALES BY SYSTEM'!$A9,DATA!$M:$M,'SALES BY SYSTEM'!$O$1) -> 0 | H9: =SUMIFS('SALE BY STORE'!$N$3:$N$982,'SALE BY STORE'!$B$3:$B$982,'SALES BY SYSTEM'!$A9) -> 0 | I9: =SUMIFS(DATA!$L:$L,DATA!$O:$O,'SALES BY SYSTEM'!$A9,DATA!$M:$M,'SALES BY SYSTEM'!$O$2) -> 0 | J9: =SUMIFS('SALE BY STORE'!$T$3:$T$982,'SALE BY STORE'!$B$3:$B$982,'SALES BY SYSTEM'!$A9) -> 0 | K9: =SUMIFS(DATA!$L:$L,DATA!$O:$O,'SALES BY SYSTEM'!$A9,DATA!$M:$M,'SALES BY SYSTEM'!$O$3) -> 0 | L9: =SUMIFS('SALE BY STORE'!$Q$3:$Q$982,'SALE BY STORE'!$B$3:$B$982,'SALES BY SYSTEM'!$A9) -> 1.7780775e+08 | M9: =SUMIFS(DATA!$L:$L,DATA!$O:$O,'SALES BY SYSTEM'!$A9,DATA!$M:$M,'SALES BY SYSTEM'!$O$4) -> 0 | O9: COLEMAN
A10: HOMEMART | B10: 4 | C10: =SUMIFS('SALE BY STORE'!$H$3:$H$982,'SALE BY STORE'!$B$3:$B$982,'SALES BY SYSTEM'!$A10) -> 0 | D10: =VALUE(SUM(G10,I10,M10,K10)) -> 0 | E10: =IFERROR(D10/C10,"") | F10: =SUMIFS('SALE BY STORE'!$K$3:$K$982,'SALE BY STORE'!$B$3:$B$982,'SALES BY SYSTEM'!$A10) -> 0 | G10: =SUMIFS(DATA!$L:$L,DATA!$O:$O,'SALES BY SYSTEM'!$A10,DATA!$M:$M,'SALES BY SYSTEM'!$O$1) -> 0 | H10: =SUMIFS('SALE BY STORE'!$N$3:$N$982,'SALE BY STORE'!$B$3:$B$982,'SALES BY SYSTEM'!$A10) -> 0 | I10: =SUMIFS(DATA!$L:$L,DATA!$O:$O,'SALES BY SYSTEM'!$A10,DATA!$M:$M,'SALES BY SYSTEM'!$O$2) -> 0 | J10: =SUMIFS('SALE BY STORE'!$T$3:$T$982,'SALE BY STORE'!$B$3:$B$982,'SALES BY SYSTEM'!$A10) -> 0 | K10: =SUMIFS(DATA!$L:$L,DATA!$O:$O,'SALES BY SYSTEM'!$A10,DATA!$M:$M,'SALES BY SYSTEM'!$O$3) -> 0 | L10: =SUMIFS('SALE BY STORE'!$Q$3:$Q$982,'SALE BY STORE'!$B$3:$B$982,'SALES BY SYSTEM'!$A10) -> 0 | M10: =SUMIFS(DATA!$L:$L,DATA!$O:$O,'SALES BY SYSTEM'!$A10,DATA!$M:$M,'SALES BY SYSTEM'!$O$4) -> 0
A11: SIEU THI AN PHU | B11: 1 | C11: =SUMIFS('SALE BY STORE'!$H$3:$H$982,'SALE BY STORE'!$B$3:$B$982,'SALES BY SYSTEM'!$A11) -> 6284570.2 | D11: =VALUE(SUM(G11,I11,M11,K11)) -> 0 | E11: =IFERROR(D11/C11,"") -> 0 | F11: =SUMIFS('SALE BY STORE'!$K$3:$K$982,'SALE BY STORE'!$B$3:$B$982,'SALES BY SYSTEM'!$A11) -> 0 | G11: =SUMIFS(DATA!$L:$L,DATA!$O:$O,'SALES BY SYSTEM'!$A11,DATA!$M:$M,'SALES BY SYSTEM'!$O$1) -> 0 | H11: =SUMIFS('SALE BY STORE'!$N$3:$N$982,'SALE BY STORE'!$B$3:$B$982,'SALES BY SYSTEM'!$A11) -> 1305501.6 | I11: =SUMIFS(DATA!$L:$L,DATA!$O:$O,'SALES BY SYSTEM'!$A11,DATA!$M:$M,'SALES BY SYSTEM'!$O$2) -> 0 | J11: =SUMIFS('SALE BY STORE'!$T$3:$T$982,'SALE BY STORE'!$B$3:$B$982,'SALES BY SYSTEM'!$A11) -> 0 | K11: =SUMIFS(DATA!$L:$L,DATA!$O:$O,'SALES BY SYSTEM'!$A11,DATA!$M:$M,'SALES BY SYSTEM'!$O$3) -> 0 | L11: =SUMIFS('SALE BY STORE'!$Q$3:$Q$982,'SALE BY STORE'!$B$3:$B$982,'SALES BY SYSTEM'!$A11) -> 4979068.6 | M11: =SUMIFS(DATA!$L:$L,DATA!$O:$O,'SALES BY SYSTEM'!$A11,DATA!$M:$M,'SALES BY SYSTEM'!$O$4) -> 0
A12: WELLNESS | B12: 7 | C12: =SUMIFS('SALE BY STORE'!$H$3:$H$982,'SALE BY STORE'!$B$3:$B$982,'SALES BY SYSTEM'!$A12) -> 0 | D12: =VALUE(SUM(G12,I12,M12,K12)) -> 0 | E12: =IFERROR(D12/C12,"") | F12: =SUMIFS('SALE BY STORE'!$K$3:$K$982,'SALE BY STORE'!$B$3:$B$982,'SALES BY SYSTEM'!$A12) -> 0 | G12: =SUMIFS(DATA!$L:$L,DATA!$O:$O,'SALES BY SYSTEM'!$A12,DATA!$M:$M,'SALES BY SYSTEM'!$O$1) -> 0 | H12: =SUMIFS('SALE BY STORE'!$N$3:$N$982,'SALE BY STORE'!$B$3:$B$982,'SALES BY SYSTEM'!$A12) -> 0 | I12: =SUMIFS(DATA!$L:$L,DATA!$O:$O,'SALES BY SYSTEM'!$A12,DATA!$M:$M,'SALES BY SYSTEM'!$O$2) -> 0 | J12: =SUMIFS('SALE BY STORE'!$T$3:$T$982,'SALE BY STORE'!$B$3:$B$982,'SALES BY SYSTEM'!$A12) -> 0 | K12: =SUMIFS(DATA!$L:$L,DATA!$O:$O,'SALES BY SYSTEM'!$A12,DATA!$M:$M,'SALES BY SYSTEM'!$O$3) -> 0 | L12: =SUMIFS('SALE BY STORE'!$Q$3:$Q$982,'SALE BY STORE'!$B$3:$B$982,'SALES BY SYSTEM'!$A12) -> 0 | M12: =SUMIFS(DATA!$L:$L,DATA!$O:$O,'SALES BY SYSTEM'!$A12,DATA!$M:$M,'SALES BY SYSTEM'!$O$4) -> 0
A13: AEON CITI | B13: 20 | C13: =SUMIFS('SALE BY STORE'!$H$3:$H$982,'SALE BY STORE'!$B$3:$B$982,'SALES BY SYSTEM'!$A13) -> 0 | D13: =VALUE(SUM(G13,I13,M13,K13)) -> 0 | E13: =IFERROR(D13/C13,"") | F13: =SUMIFS('SALE BY STORE'!$K$3:$K$982,'SALE BY STORE'!$B$3:$B$982,'SALES BY SYSTEM'!$A13) -> 0 | G13: =SUMIFS(DATA!$L:$L,DATA!$O:$O,'SALES BY SYSTEM'!$A13,DATA!$M:$M,'SALES BY SYSTEM'!$O$1) -> 0 | H13: =SUMIFS('SALE BY STORE'!$N$3:$N$982,'SALE BY STORE'!$B$3:$B$982,'SALES BY SYSTEM'!$A13) -> 0 | I13: =SUMIFS(DATA!$L:$L,DATA!$O:$O,'SALES BY SYSTEM'!$A13,DATA!$M:$M,'SALES BY SYSTEM'!$O$2) -> 0 | J13: =SUMIFS('SALE BY STORE'!$T$3:$T$982,'SALE BY STORE'!$B$3:$B$982,'SALES BY SYSTEM'!$A13) -> 0 | K13: =SUMIFS(DATA!$L:$L,DATA!$O:$O,'SALES BY SYSTEM'!$A13,DATA!$M:$M,'SALES BY SYSTEM'!$O$3) -> 0 | L13: =SUMIFS('SALE BY STORE'!$Q$3:$Q$982,'SALE BY STORE'!$B$3:$B$982,'SALES BY SYSTEM'!$A13) -> 0 | M13: =SUMIFS(DATA!$L:$L,DATA!$O:$O,'SALES BY SYSTEM'!$A13,DATA!$M:$M,'SALES BY SYSTEM'!$O$4) -> 0
A14: GUARDIAN | C14: =SUMIFS('SALE BY STORE'!$H$3:$H$982,'SALE BY STORE'!$B$3:$B$982,'SALES BY SYSTEM'!$A14) -> 2.008894e+08 | D14: =VALUE(SUM(G14,I14,M14,K14)) -> 0 | F14: =SUMIFS('SALE BY STORE'!$K$3:$K$982,'SALE BY STORE'!$B$3:$B$982,'SALES BY SYSTEM'!$A14) -> 0 | G14: =SUMIFS(DATA!$L:$L,DATA!$O:$O,'SALES BY SYSTEM'!$A14,DATA!$M:$M,'SALES BY SYSTEM'!$O$1) -> 0 | H14: =SUMIFS('SALE BY STORE'!$N$3:$N$982,'SALE BY STORE'!$B$3:$B$982,'SALES BY SYSTEM'!$A14) -> 0 | I14: =SUMIFS(DATA!$L:$L,DATA!$O:$O,'SALES BY SYSTEM'!$A14,DATA!$M:$M,'SALES BY SYSTEM'!$O$2) -> 0 | J14: =SUMIFS('SALE BY STORE'!$T$3:$T$982,'SALE BY STORE'!$B$3:$B$982,'SALES BY SYSTEM'!$A14) -> 2.008894e+08 | K14: =SUMIFS(DATA!$L:$L,DATA!$O:$O,'SALES BY SYSTEM'!$A14,DATA!$M:$M,'SALES BY SYSTEM'!$O$3) -> 0 | L14: =SUMIFS('SALE BY STORE'!$Q$3:$Q$982,'SALE BY STORE'!$B$3:$B$982,'SALES BY SYSTEM'!$A14) -> 0 | M14: =SUMIFS(DATA!$L:$L,DATA!$O:$O,'SALES BY SYSTEM'!$A14,DATA!$M:$M,'SALES BY SYSTEM'!$O$4) -> 0
A15: BHX | B15: 1698 | C15: =SUMIFS('SALE BY STORE'!$H$3:$H$982,'SALE BY STORE'!$B$3:$B$982,'SALES BY SYSTEM'!$A15) -> 7.6828838e+08 | D15: =VALUE(SUM(G15,I15,M15,K15)) -> 0 | E15: =IFERROR(D15/C15,"") -> 0 | F15: =SUMIFS('SALE BY STORE'!$K$3:$K$982,'SALE BY STORE'!$B$3:$B$982,'SALES BY SYSTEM'!$A15) -> 0 | G15: =SUMIFS(DATA!$L:$L,DATA!$O:$O,'SALES BY SYSTEM'!$A15,DATA!$M:$M,'SALES BY SYSTEM'!$O$1) -> 0 | H15: =SUMIFS('SALE BY STORE'!$N$3:$N$982,'SALE BY STORE'!$B$3:$B$982,'SALES BY SYSTEM'!$A15) -> 0 | I15: =SUMIFS(DATA!$L:$L,DATA!$O:$O,'SALES BY SYSTEM'!$A15,DATA!$M:$M,'SALES BY SYSTEM'!$O$2) -> 0 | J15: =SUMIFS('SALE BY STORE'!$T$3:$T$982,'SALE BY STORE'!$B$3:$B$982,'SALES BY SYSTEM'!$A15) -> 0 | K15: =SUMIFS(DATA!$L:$L,DATA!$O:$O,'SALES BY SYSTEM'!$A15,DATA!$M:$M,'SALES BY SYSTEM'!$O$3) -> 0 | L15: =SUMIFS('SALE BY STORE'!$Q$3:$Q$982,'SALE BY STORE'!$B$3:$B$982,'SALES BY SYSTEM'!$A15) -> 7.6828838e+08 | M15: =SUMIFS(DATA!$L:$L,DATA!$O:$O,'SALES BY SYSTEM'!$A15,DATA!$M:$M,'SALES BY SYSTEM'!$O$4) -> 0
A16: VAVANCY-VU MINH TUAN | C16: =ROUNDUP(SUM(C17:C20),-5) -> 788500000 | D16: =SUM(G16,I16,M16,K16) -> 0 | E16: =D16/C16 -> 0 | F16: =IFERROR(SUM(F17:F20),"") -> 0 | G16: =IFERROR(SUM(G17:G20),"") -> 0 | H16: =IFERROR(SUM(H17:H20),"") -> 2.5370249e+08 | I16: =IFERROR(SUM(I17:I20),"") -> 0 | J16: =IFERROR(SUM(J17:J20),"") -> 0 | K16: =IFERROR(SUM(K17:K20),"") -> 0 | L16: =IFERROR(SUM(L17:L20),"") -> 5.3475196e+08 | M16: =IFERROR(SUM(M17:M20),"") -> 0
A17: COOP CHEERS | C17: =SUMIFS('SALE BY STORE'!$H$3:$H$982,'SALE BY STORE'!$B$3:$B$982,'SALES BY SYSTEM'!$A17) -> 13055016 | D17: =VALUE(SUM(G17,I17,M17,K17)) -> 0 | E17: =IFERROR(D17/C17,"") -> 0 | F17: =SUMIFS('SALE BY STORE'!$K$3:$K$982,'SALE BY STORE'!$B$3:$B$982,'SALES BY SYSTEM'!$A17) -> 0 | G17: =SUMIFS(DATA!$L:$L,DATA!$O:$O,'SALES BY SYSTEM'!$A17,DATA!$M:$M,'SALES BY SYSTEM'!$O$1) -> 0 | H17: =SUMIFS('SALE BY STORE'!$N$3:$N$982,'SALE BY STORE'!$B$3:$B$982,'SALES BY SYSTEM'!$A17) -> 13055016 | I17: =SUMIFS(DATA!$L:$L,DATA!$O:$O,'SALES BY SYSTEM'!$A17,DATA!$M:$M,'SALES BY SYSTEM'!$O$2) -> 0 | J17: =SUMIFS('SALE BY STORE'!$T$3:$T$982,'SALE BY STORE'!$B$3:$B$982,'SALES BY SYSTEM'!$A17) -> 0 | K17: =SUMIFS(DATA!$L:$L,DATA!$O:$O,'SALES BY SYSTEM'!$A17,DATA!$M:$M,'SALES BY SYSTEM'!$O$3) -> 0 | L17: =SUMIFS('SALE BY STORE'!$Q$3:$Q$982,'SALE BY STORE'!$B$3:$B$982,'SALES BY SYSTEM'!$A17) -> 0 | M17: =SUMIFS(DATA!$L:$L,DATA!$O:$O,'SALES BY SYSTEM'!$A17,DATA!$M:$M,'SALES BY SYSTEM'!$O$4) -> 0
A18: COOP EXTRA | C18: =SUMIFS('SALE BY STORE'!$H$3:$H$982,'SALE BY STORE'!$B$3:$B$982,'SALES BY SYSTEM'!$A18) -> 74411008 | D18: =VALUE(SUM(G18,I18,M18,K18)) -> 0 | E18: =IFERROR(D18/C18,"") -> 0 | F18: =SUMIFS('SALE BY STORE'!$K$3:$K$982,'SALE BY STORE'!$B$3:$B$982,'SALES BY SYSTEM'!$A18) -> 0 | G18: =SUMIFS(DATA!$L:$L,DATA!$O:$O,'SALES BY SYSTEM'!$A18,DATA!$M:$M,'SALES BY SYSTEM'!$O$1) -> 0 | H18: =SUMIFS('SALE BY STORE'!$N$3:$N$982,'SALE BY STORE'!$B$3:$B$982,'SALES BY SYSTEM'!$A18) -> 22628695 | I18: =SUMIFS(DATA!$L:$L,DATA!$O:$O,'SALES BY SYSTEM'!$A18,DATA!$M:$M,'SALES BY SYSTEM'!$O$2) -> 0 | J18: =SUMIFS('SALE BY STORE'!$T$3:$T$982,'SALE BY STORE'!$B$3:$B$982,'SALES BY SYSTEM'!$A18) -> 0 | K18: =SUMIFS(DATA!$L:$L,DATA!$O:$O,'SALES BY SYSTEM'!$A18,DATA!$M:$M,'SALES BY SYSTEM'!$O$3) -> 0 | L18: =SUMIFS('SALE BY STORE'!$Q$3:$Q$982,'SALE BY STORE'!$B$3:$B$982,'SALES BY SYSTEM'!$A18) -> 51782313 | M18: =SUMIFS(DATA!$L:$L,DATA!$O:$O,'SALES BY SYSTEM'!$A18,DATA!$M:$M,'SALES BY SYSTEM'!$O$4) -> 0
A19: COOP MART | C19: =SUMIFS('SALE BY STORE'!$H$3:$H$982,'SALE BY STORE'!$B$3:$B$982,'SALES BY SYSTEM'!$A19) -> 6.3744657e+08 | D19: =VALUE(SUM(G19,I19,M19,K19)) -> 0 | E19: =IFERROR(D19/C19,"") -> 0 | F19: =SUMIFS('SALE BY STORE'!$K$3:$K$982,'SALE BY STORE'!$B$3:$B$982,'SALES BY SYSTEM'!$A19) -> 0 | G19: =SUMIFS(DATA!$L:$L,DATA!$O:$O,'SALES BY SYSTEM'!$A19,DATA!$M:$M,'SALES BY SYSTEM'!$O$1) -> 0 | H19: =SUMIFS('SALE BY STORE'!$N$3:$N$982,'SALE BY STORE'!$B$3:$B$982,'SALES BY SYSTEM'!$A19) -> 2.149726e+08 | I19: =SUMIFS(DATA!$L:$L,DATA!$O:$O,'SALES BY SYSTEM'!$A19,DATA!$M:$M,'SALES BY SYSTEM'!$O$2) -> 0 | J19: =SUMIFS('SALE BY STORE'!$T$3:$T$982,'SALE BY STORE'!$B$3:$B$982,'SALES BY SYSTEM'!$A19) -> 0 | K19: =SUMIFS(DATA!$L:$L,DATA!$O:$O,'SALES BY SYSTEM'!$A19,DATA!$M:$M,'SALES BY SYSTEM'!$O$3) -> 0 | L19: =SUMIFS('SALE BY STORE'!$Q$3:$Q$982,'SALE BY STORE'!$B$3:$B$982,'SALES BY SYSTEM'!$A19) -> 4.2247397e+08 | M19: =SUMIFS(DATA!$L:$L,DATA!$O:$O,'SALES BY SYSTEM'!$A19,DATA!$M:$M,'SALES BY SYSTEM'!$O$4) -> 0
A20: COOP FOOD | C20: =SUMIFS('SALE BY STORE'!$H$3:$H$982,'SALE BY STORE'!$B$3:$B$982,'SALES BY SYSTEM'!$A20) -> 63541854 | D20: =VALUE(SUM(G20,I20,M20,K20)) -> 0 | E20: =IFERROR(D20/C20,"") -> 0 | F20: =SUMIFS('SALE BY STORE'!$K$3:$K$982,'SALE BY STORE'!$B$3:$B$982,'SALES BY SYSTEM'!$A20) -> 0 | G20: =SUMIFS(DATA!$L:$L,DATA!$O:$O,'SALES BY SYSTEM'!$A20,DATA!$M:$M,'SALES BY SYSTEM'!$O$1) -> 0 | H20: =SUMIFS('SALE BY STORE'!$N$3:$N$982,'SALE BY STORE'!$B$3:$B$982,'SALES BY SYSTEM'!$A20) -> 3046170.5 | I20: =SUMIFS(DATA!$L:$L,DATA!$O:$O,'SALES BY SYSTEM'!$A20,DATA!$M:$M,'SALES BY SYSTEM'!$O$2) -> 0 | J20: =SUMIFS('SALE BY STORE'!$T$3:$T$982,'SALE BY STORE'!$B$3:$B$982,'SALES BY SYSTEM'!$A20) -> 0 | K20: =SUMIFS(DATA!$L:$L,DATA!$O:$O,'SALES BY SYSTEM'!$A20,DATA!$M:$M,'SALES BY SYSTEM'!$O$3) -> 0 | L20: =SUMIFS('SALE BY STORE'!$Q$3:$Q$982,'SALE BY STORE'!$B$3:$B$982,'SALES BY SYSTEM'!$A20) -> 60495683 | M20: =SUMIFS(DATA!$L:$L,DATA!$O:$O,'SALES BY SYSTEM'!$A20,DATA!$M:$M,'SALES BY SYSTEM'!$O$4) -> 0
A21: TRAN THI THAO NGUYEN | C21: =ROUNDUP(SUM(C22:C47),-5) -> 2131700000 | D21: =SUM(D22:D49) -> 0 | E21: =IFERROR(D21/C21,"") -> 0 | F21: =SUM(F22:F47) -> 0 | G21: =SUM(G22:G49) -> 0 | H21: =SUM(H22:H49) -> 5.5578631e+08 | I21: =SUM(I22:I49) -> 0 | J21: =SUM(J22:J49) -> 0 | K21: =SUM(K22:K49) -> 0 | L21: =SUM(L22:L49) -> 1.5758704e+09 | M21: =SUM(M22:M49) -> 0
A22: HOMEFRESH MART | C22: =SUMIFS('SALE BY STORE'!$H$3:$H$982,'SALE BY STORE'!$B$3:$B$982,'SALES BY SYSTEM'!$A22) -> 1305501.6 | D22: =VALUE(SUM(G22,K22,I22,M22)) -> 0 | E22: =IFERROR(D22/C22,"") -> 0 | F22: =SUMIFS('SALE BY STORE'!$K$3:$K$982,'SALE BY STORE'!$B$3:$B$982,'SALES BY SYSTEM'!$A22) -> 0 | G22: =SUMIFS(DATA!$L:$L,DATA!$O:$O,'SALES BY SYSTEM'!$A22,DATA!$M:$M,'SALES BY SYSTEM'!$O$1) -> 0 | H22: =SUMIFS('SALE BY STORE'!$N$3:$N$982,'SALE BY STORE'!$B$3:$B$982,'SALES BY SYSTEM'!$A22) -> 1305501.6 | I22: =SUMIFS(DATA!$L:$L,DATA!$O:$O,'SALES BY SYSTEM'!$A22,DATA!$M:$M,'SALES BY SYSTEM'!$O$2) -> 0 | J22: =SUMIFS('SALE BY STORE'!$T$3:$T$982,'SALE BY STORE'!$B$3:$B$982,'SALES BY SYSTEM'!$A22) -> 0 | K22: =SUMIFS(DATA!$L:$L,DATA!$O:$O,'SALES BY SYSTEM'!$A22,DATA!$M:$M,'SALES BY SYSTEM'!$O$3) -> 0 | L22: =SUMIFS('SALE BY STORE'!$Q$3:$Q$982,'SALE BY STORE'!$B$3:$B$982,'SALES BY SYSTEM'!$A22) -> 0 | M22: =SUMIFS(DATA!$L:$L,DATA!$O:$O,'SALES BY SYSTEM'!$A22,DATA!$M:$M,'SALES BY SYSTEM'!$O$4) -> 0
A23: BACH HOA BUU DIEN | C23: =SUMIFS('SALE BY STORE'!$H$3:$H$982,'SALE BY STORE'!$B$3:$B$982,'SALES BY SYSTEM'!$A23) -> 0 | D23: =VALUE(SUM(G23,K23,I23,M23)) -> 0 | E23: =IFERROR(D23/C23,"") | F23: =SUMIFS('SALE BY STORE'!$K$3:$K$982,'SALE BY STORE'!$B$3:$B$982,'SALES BY SYSTEM'!$A23) -> 0 | G23: =SUMIFS(DATA!$L:$L,DATA!$O:$O,'SALES BY SYSTEM'!$A23,DATA!$M:$M,'SALES BY SYSTEM'!$O$1) -> 0 | H23: =SUMIFS('SALE BY STORE'!$N$3:$N$982,'SALE BY STORE'!$B$3:$B$982,'SALES BY SYSTEM'!$A23) -> 0 | I23: =SUMIFS(DATA!$L:$L,DATA!$O:$O,'SALES BY SYSTEM'!$A23,DATA!$M:$M,'SALES BY SYSTEM'!$O$2) -> 0 | J23: =SUMIFS('SALE BY STORE'!$T$3:$T$982,'SALE BY STORE'!$B$3:$B$982,'SALES BY SYSTEM'!$A23) -> 0 | K23: =SUMIFS(DATA!$L:$L,DATA!$O:$O,'SALES BY SYSTEM'!$A23,DATA!$M:$M,'SALES BY SYSTEM'!$O$3) -> 0 | L23: =SUMIFS('SALE BY STORE'!$Q$3:$Q$982,'SALE BY STORE'!$B$3:$B$982,'SALES BY SYSTEM'!$A23) -> 0 | M23: =SUMIFS(DATA!$L:$L,DATA!$O:$O,'SALES BY SYSTEM'!$A23,DATA!$M:$M,'SALES BY SYSTEM'!$O$4) -> 0
A24: CUA HANG NHAT | C24: =SUMIFS('SALE BY STORE'!$H$3:$H$982,'SALE BY STORE'!$B$3:$B$982,'SALES BY SYSTEM'!$A24) -> 435167.21 | D24: =VALUE(SUM(G24,K24,I24,M24)) -> 0 | E24: =IFERROR(D24/C24,"") -> 0 | F24: =SUMIFS('SALE BY STORE'!$K$3:$K$982,'SALE BY STORE'!$B$3:$B$982,'SALES BY SYSTEM'!$A24) -> 0 | G24: =SUMIFS(DATA!$L:$L,DATA!$O:$O,'SALES BY SYSTEM'!$A24,DATA!$M:$M,'SALES BY SYSTEM'!$O$1) -> 0 | H24: =SUMIFS('SALE BY STORE'!$N$3:$N$982,'SALE BY STORE'!$B$3:$B$982,'SALES BY SYSTEM'!$A24) -> 435167.21 | I24: =SUMIFS(DATA!$L:$L,DATA!$O:$O,'SALES BY SYSTEM'!$A24,DATA!$M:$M,'SALES BY SYSTEM'!$O$2) -> 0 | J24: =SUMIFS('SALE BY STORE'!$T$3:$T$982,'SALE BY STORE'!$B$3:$B$982,'SALES BY SYSTEM'!$A24) -> 0 | K24: =SUMIFS(DATA!$L:$L,DATA!$O:$O,'SALES BY SYSTEM'!$A24,DATA!$M:$M,'SALES BY SYSTEM'!$O$3) -> 0 | L24: =SUMIFS('SALE BY STORE'!$Q$3:$Q$982,'SALE BY STORE'!$B$3:$B$982,'SALES BY SYSTEM'!$A24) -> 0 | M24: =SUMIFS(DATA!$L:$L,DATA!$O:$O,'SALES BY SYSTEM'!$A24,DATA!$M:$M,'SALES BY SYSTEM'!$O$4) -> 0
A25: CUA HANG TIEN LOI BUI | C25: =SUMIFS('SALE BY STORE'!$H$3:$H$982,'SALE BY STORE'!$B$3:$B$982,'SALES BY SYSTEM'!$A25) -> 0 | D25: =VALUE(SUM(G25,K25,I25,M25)) -> 0 | E25: =IFERROR(D25/C25,"") | F25: =SUMIFS('SALE BY STORE'!$K$3:$K$982,'SALE BY STORE'!$B$3:$B$982,'SALES BY SYSTEM'!$A25) -> 0 | G25: =SUMIFS(DATA!$L:$L,DATA!$O:$O,'SALES BY SYSTEM'!$A25,DATA!$M:$M,'SALES BY SYSTEM'!$O$1) -> 0 | H25: =SUMIFS('SALE BY STORE'!$N$3:$N$982,'SALE BY STORE'!$B$3:$B$982,'SALES BY SYSTEM'!$A25) -> 0 | I25: =SUMIFS(DATA!$L:$L,DATA!$O:$O,'SALES BY SYSTEM'!$A25,DATA!$M:$M,'SALES BY SYSTEM'!$O$2) -> 0 | J25: =SUMIFS('SALE BY STORE'!$T$3:$T$982,'SALE BY STORE'!$B$3:$B$982,'SALES BY SYSTEM'!$A25) -> 0 | K25: =SUMIFS(DATA!$L:$L,DATA!$O:$O,'SALES BY SYSTEM'!$A25,DATA!$M:$M,'SALES BY SYSTEM'!$O$3) -> 0 | L25: =SUMIFS('SALE BY STORE'!$Q$3:$Q$982,'SALE BY STORE'!$B$3:$B$982,'SALES BY SYSTEM'!$A25) -> 0 | M25: =SUMIFS(DATA!$L:$L,DATA!$O:$O,'SALES BY SYSTEM'!$A25,DATA!$M:$M,'SALES BY SYSTEM'!$O$4) -> 0
A26: GENSHAI | C26: =SUMIFS('SALE BY STORE'!$H$3:$H$982,'SALE BY STORE'!$B$3:$B$982,'SALES BY SYSTEM'!$A26) -> 78645222 | D26: =VALUE(SUM(G26,K26,I26,M26)) -> 0 | E26: =IFERROR(D26/C26,"") -> 0 | F26: =SUMIFS('SALE BY STORE'!$K$3:$K$982,'SALE BY STORE'!$B$3:$B$982,'SALES BY SYSTEM'!$A26) -> 0 | G26: =SUMIFS(DATA!$L:$L,DATA!$O:$O,'SALES BY SYSTEM'!$A26,DATA!$M:$M,'SALES BY SYSTEM'!$O$1) -> 0 | H26: =SUMIFS('SALE BY STORE'!$N$3:$N$982,'SALE BY STORE'!$B$3:$B$982,'SALES BY SYSTEM'!$A26) -> 20888026 | I26: =SUMIFS(DATA!$L:$L,DATA!$O:$O,'SALES BY SYSTEM'!$A26,DATA!$M:$M,'SALES BY SYSTEM'!$O$2) -> 0 | J26: =SUMIFS('SALE BY STORE'!$T$3:$T$982,'SALE BY STORE'!$B$3:$B$982,'SALES BY SYSTEM'!$A26) -> 0 | K26: =SUMIFS(DATA!$L:$L,DATA!$O:$O,'SALES BY SYSTEM'!$A26,DATA!$M:$M,'SALES BY SYSTEM'!$O$3) -> 0 | L26: =SUMIFS('SALE BY STORE'!$Q$3:$Q$982,'SALE BY STORE'!$B$3:$B$982,'SALES BY SYSTEM'!$A26) -> 57757195 | M26: =SUMIFS(DATA!$L:$L,DATA!$O:$O,'SALES BY SYSTEM'!$A26,DATA!$M:$M,'SALES BY SYSTEM'!$O$4) -> 0
A27: J MART | C27: =SUMIFS('SALE BY STORE'!$H$3:$H$982,'SALE BY STORE'!$B$3:$B$982,'SALES BY SYSTEM'!$A27) -> 9644438.9 | D27: =VALUE(SUM(G27,K27,I27,M27)) -> 0 | E27: =IFERROR(D27/C27,"") -> 0 | F27: =SUMIFS('SALE BY STORE'!$K$3:$K$982,'SALE BY STORE'!$B$3:$B$982,'SALES BY SYSTEM'!$A27) -> 0 | G27: =SUMIFS(DATA!$L:$L,DATA!$O:$O,'SALES BY SYSTEM'!$A27,DATA!$M:$M,'SALES BY SYSTEM'!$O$1) -> 0 | H27: =SUMIFS('SALE BY STORE'!$N$3:$N$982,'SALE BY STORE'!$B$3:$B$982,'SALES BY SYSTEM'!$A27) -> 2175836.1 | I27: =SUMIFS(DATA!$L:$L,DATA!$O:$O,'SALES BY SYSTEM'!$A27,DATA!$M:$M,'SALES BY SYSTEM'!$O$2) -> 0 | J27: =SUMIFS('SALE BY STORE'!$T$3:$T$982,'SALE BY STORE'!$B$3:$B$982,'SALES BY SYSTEM'!$A27) -> 0 | K27: =SUMIFS(DATA!$L:$L,DATA!$O:$O,'SALES BY SYSTEM'!$A27,DATA!$M:$M,'SALES BY SYSTEM'!$O$3) -> 0 | L27: =SUMIFS('SALE BY STORE'!$Q$3:$Q$982,'SALE BY STORE'!$B$3:$B$982,'SALES BY SYSTEM'!$A27) -> 7468602.9 | M27: =SUMIFS(DATA!$L:$L,DATA!$O:$O,'SALES BY SYSTEM'!$A27,DATA!$M:$M,'SALES BY SYSTEM'!$O$4) -> 0
A28: JOLYMART | C28: =SUMIFS('SALE BY STORE'!$H$3:$H$982,'SALE BY STORE'!$B$3:$B$982,'SALES BY SYSTEM'!$A28) -> 0 | D28: =VALUE(SUM(G28,K28,I28,M28)) -> 0 | E28: =IFERROR(D28/C28,"") | F28: =SUMIFS('SALE BY STORE'!$K$3:$K$982,'SALE BY STORE'!$B$3:$B$982,'SALES BY SYSTEM'!$A28) -> 0 | G28: =SUMIFS(DATA!$L:$L,DATA!$O:$O,'SALES BY SYSTEM'!$A28,DATA!$M:$M,'SALES BY SYSTEM'!$O$1) -> 0 | H28: =SUMIFS('SALE BY STORE'!$N$3:$N$982,'SALE BY STORE'!$B$3:$B$982,'SALES BY SYSTEM'!$A28) -> 0 | I28: =SUMIFS(DATA!$L:$L,DATA!$O:$O,'SALES BY SYSTEM'!$A28,DATA!$M:$M,'SALES BY SYSTEM'!$O$2) -> 0 | J28: =SUMIFS('SALE BY STORE'!$T$3:$T$982,'SALE BY STORE'!$B$3:$B$982,'SALES BY SYSTEM'!$A28) -> 0 | K28: =SUMIFS(DATA!$L:$L,DATA!$O:$O,'SALES BY SYSTEM'!$A28,DATA!$M:$M,'SALES BY SYSTEM'!$O$3) -> 0 | L28: =SUMIFS('SALE BY STORE'!$Q$3:$Q$982,'SALE BY STORE'!$B$3:$B$982,'SALES BY SYSTEM'!$A28) -> 0 | M28: =SUMIFS(DATA!$L:$L,DATA!$O:$O,'SALES BY SYSTEM'!$A28,DATA!$M:$M,'SALES BY SYSTEM'!$O$4) -> 0
A29: KING FOOD | C29: =SUMIFS('SALE BY STORE'!$H$3:$H$982,'SALE BY STORE'!$B$3:$B$982,'SALES BY SYSTEM'!$A29) -> 40828362 | D29: =VALUE(SUM(G29,K29,I29,M29)) -> 0 | E29: =IFERROR(D29/C29,"") -> 0 | F29: =SUMIFS('SALE BY STORE'!$K$3:$K$982,'SALE BY STORE'!$B$3:$B$982,'SALES BY SYSTEM'!$A29) -> 0 | G29: =SUMIFS(DATA!$L:$L,DATA!$O:$O,'SALES BY SYSTEM'!$A29,DATA!$M:$M,'SALES BY SYSTEM'!$O$1) -> 0 | H29: =SUMIFS('SALE BY STORE'!$N$3:$N$982,'SALE BY STORE'!$B$3:$B$982,'SALES BY SYSTEM'!$A29) -> 0 | I29: =SUMIFS(DATA!$L:$L,DATA!$O:$O,'SALES BY SYSTEM'!$A29,DATA!$M:$M,'SALES BY SYSTEM'!$O$2) -> 0 | J29: =SUMIFS('SALE BY STORE'!$T$3:$T$982,'SALE BY STORE'!$B$3:$B$982,'SALES BY SYSTEM'!$A29) -> 0 | K29: =SUMIFS(DATA!$L:$L,DATA!$O:$O,'SALES BY SYSTEM'!$A29,DATA!$M:$M,'SALES BY SYSTEM'!$O$3) -> 0 | L29: =SUMIFS('SALE BY STORE'!$Q$3:$Q$982,'SALE BY STORE'!$B$3:$B$982,'SALES BY SYSTEM'!$A29) -> 40828362 | M29: =SUMIFS(DATA!$L:$L,DATA!$O:$O,'SALES BY SYSTEM'!$A29,DATA!$M:$M,'SALES BY SYSTEM'!$O$4) -> 0
A30: AN NAM | C30: =SUMIFS('SALE BY STORE'!$H$3:$H$982,'SALE BY STORE'!$B$3:$B$982,'SALES BY SYSTEM'!$A30) -> 61540201 | D30: =VALUE(SUM(G30,K30,I30,M30)) -> 0 | E30: =IFERROR(D30/C30,"") -> 0 | F30: =SUMIFS('SALE BY STORE'!$K$3:$K$982,'SALE BY STORE'!$B$3:$B$982,'SALES BY SYSTEM'!$A30) -> 0 | G30: =SUMIFS(DATA!$L:$L,DATA!$O:$O,'SALES BY SYSTEM'!$A30,DATA!$M:$M,'SALES BY SYSTEM'!$O$1) -> 0 | H30: =SUMIFS('SALE BY STORE'!$N$3:$N$982,'SALE BY STORE'!$B$3:$B$982,'SALES BY SYSTEM'!$A30) -> 11749515 | I30: =SUMIFS(DATA!$L:$L,DATA!$O:$O,'SALES BY SYSTEM'!$A30,DATA!$M:$M,'SALES BY SYSTEM'!$O$2) -> 0 | J30: =SUMIFS('SALE BY STORE'!$T$3:$T$982,'SALE BY STORE'!$B$3:$B$982,'SALES BY SYSTEM'!$A30) -> 0 | K30: =SUMIFS(DATA!$L:$L,DATA!$O:$O,'SALES BY SYSTEM'!$A30,DATA!$M:$M,'SALES BY SYSTEM'!$O$3) -> 0 | L30: =SUMIFS('SALE BY STORE'!$Q$3:$Q$982,'SALE BY STORE'!$B$3:$B$982,'SALES BY SYSTEM'!$A30) -> 49790686 | M30: =SUMIFS(DATA!$L:$L,DATA!$O:$O,'SALES BY SYSTEM'!$A30,DATA!$M:$M,'SALES BY SYSTEM'!$O$4) -> 0
A31: MINISTOP G7 | C31: =SUMIFS('SALE BY STORE'!$H$3:$H$982,'SALE BY STORE'!$B$3:$B$982,'SALES BY SYSTEM'!$A31) -> 0 | D31: =VALUE(SUM(G31,K31,I31,M31)) -> 0 | E31: =IFERROR(D31/C31,"") | F31: =SUMIFS('SALE BY STORE'!$K$3:$K$982,'SALE BY STORE'!$B$3:$B$982,'SALES BY SYSTEM'!$A31) -> 0 | G31: =SUMIFS(DATA!$L:$L,DATA!$O:$O,'SALES BY SYSTEM'!$A31,DATA!$M:$M,'SALES BY SYSTEM'!$O$1) -> 0 | H31: =SUMIFS('SALE BY STORE'!$N$3:$N$982,'SALE BY STORE'!$B$3:$B$982,'SALES BY SYSTEM'!$A31) -> 0 | I31: =SUMIFS(DATA!$L:$L,DATA!$O:$O,'SALES BY SYSTEM'!$A31,DATA!$M:$M,'SALES BY SYSTEM'!$O$2) -> 0 | J31: =SUMIFS('SALE BY STORE'!$T$3:$T$982,'SALE BY STORE'!$B$3:$B$982,'SALES BY SYSTEM'!$A31) -> 0 | K31: =SUMIFS(DATA!$L:$L,DATA!$O:$O,'SALES BY SYSTEM'!$A31,DATA!$M:$M,'SALES BY SYSTEM'!$O$3) -> 0 | L31: =SUMIFS('SALE BY STORE'!$Q$3:$Q$982,'SALE BY STORE'!$B$3:$B$982,'SALES BY SYSTEM'!$A31) -> 0 | M31: =SUMIFS(DATA!$L:$L,DATA!$O:$O,'SALES BY SYSTEM'!$A31,DATA!$M:$M,'SALES BY SYSTEM'!$O$4) -> 0
A32: K MART | C32: =SUMIFS('SALE BY STORE'!$H$3:$H$982,'SALE BY STORE'!$B$3:$B$982,'SALES BY SYSTEM'!$A32) -> 9644438.9 | D32: =VALUE(SUM(G32,K32,I32,M32)) -> 0 | E32: =IFERROR(D32/C32,"") -> 0 | F32: =SUMIFS('SALE BY STORE'!$K$3:$K$982,'SALE BY STORE'!$B$3:$B$982,'SALES BY SYSTEM'!$A32) -> 0 | G32: =SUMIFS(DATA!$L:$L,DATA!$O:$O,'SALES BY SYSTEM'!$A32,DATA!$M:$M,'SALES BY SYSTEM'!$O$1) -> 0 | H32: =SUMIFS('SALE BY STORE'!$N$3:$N$982,'SALE BY STORE'!$B$3:$B$982,'SALES BY SYSTEM'!$A32) -> 2175836.1 | I32: =SUMIFS(DATA!$L:$L,DATA!$O:$O,'SALES BY SYSTEM'!$A32,DATA!$M:$M,'SALES BY SYSTEM'!$O$2) -> 0 | J32: =SUMIFS('SALE BY STORE'!$T$3:$T$982,'SALE BY STORE'!$B$3:$B$982,'SALES BY SYSTEM'!$A32) -> 0 | K32: =SUMIFS(DATA!$L:$L,DATA!$O:$O,'SALES BY SYSTEM'!$A32,DATA!$M:$M,'SALES BY SYSTEM'!$O$3) -> 0 | L32: =SUMIFS('SALE BY STORE'!$Q$3:$Q$982,'SALE BY STORE'!$B$3:$B$982,'SALES BY SYSTEM'!$A32) -> 7468602.9 | M32: =SUMIFS(DATA!$L:$L,DATA!$O:$O,'SALES BY SYSTEM'!$A32,DATA!$M:$M,'SALES BY SYSTEM'!$O$4) -> 0
A33: LOTTE | C33: =SUMIFS('SALE BY STORE'!$H$3:$H$982,'SALE BY STORE'!$B$3:$B$982,'SALES BY SYSTEM'!$A33) -> 3.3209643e+08 | D33: =VALUE(SUM(G33,K33,I33,M33)) -> 0 | E33: =IFERROR(D33/C33,"") -> 0 | F33: =SUMIFS('SALE BY STORE'!$K$3:$K$982,'SALE BY STORE'!$B$3:$B$982,'SALES BY SYSTEM'!$A33) -> 0 | G33: =SUMIFS(DATA!$L:$L,DATA!$O:$O,'SALES BY SYSTEM'!$A33,DATA!$M:$M,'SALES BY SYSTEM'!$O$1) -> 0 | H33: =SUMIFS('SALE BY STORE'!$N$3:$N$982,'SALE BY STORE'!$B$3:$B$982,'SALES BY SYSTEM'!$A33) -> 34072280 | I33: =SUMIFS(DATA!$L:$L,DATA!$O:$O,'SALES BY SYSTEM'!$A33,DATA!$M:$M,'SALES BY SYSTEM'!$O$2) -> 0 | J33: =SUMIFS('SALE BY STORE'!$T$3:$T$982,'SALE BY STORE'!$B$3:$B$982,'SALES BY SYSTEM'!$A33) -> 0 | K33: =SUMIFS(DATA!$L:$L,DATA!$O:$O,'SALES BY SYSTEM'!$A33,DATA!$M:$M,'SALES BY SYSTEM'!$O$3) -> 0 | L33: =SUMIFS('SALE BY STORE'!$Q$3:$Q$982,'SALE BY STORE'!$B$3:$B$982,'SALES BY SYSTEM'!$A33) -> 2.9802414e+08 | M33: =SUMIFS(DATA!$L:$L,DATA!$O:$O,'SALES BY SYSTEM'!$A33,DATA!$M:$M,'SALES BY SYSTEM'!$O$4) -> 0
... A37: LONG CHAU | C37: =SUMIFS('SALE BY STORE'!$H$3:$H$982,'SALE BY STORE'!$B$3:$B$982,'SALES BY SYSTEM'!$A37) -> 5.1025427e+08 | D37: =VALUE(SUM(G37,K37,I37,M37)) -> 0 | E37: =IFERROR(D37/C37,"") -> 0 | F37: =SUMIFS('SALE BY STORE'!$K$3:$K$982,'SALE BY STORE'!$B$3:$B$982,'SALES BY SYSTEM'!$A37) -> 0 | G37: =SUMIFS(DATA!$L:$L,DATA!$O:$O,'SALES BY SYSTEM'!$A37,DATA!$M:$M,'SALES BY SYSTEM'!$O$1) -> 0 | H37: =SUMIFS('SALE BY STORE'!$N$3:$N$982,'SALE BY STORE'!$B$3:$B$982,'SALES BY SYSTEM'!$A37) -> 87033443 | I37: =SUMIFS(DATA!$L:$L,DATA!$O:$O,'SALES BY SYSTEM'!$A37,DATA!$M:$M,'SALES BY SYSTEM'!$O$2) -> 0 | J37: =SUMIFS('SALE BY STORE'!$T$3:$T$982,'SALE BY STORE'!$B$3:$B$982,'SALES BY SYSTEM'!$A37) -> 0 | K37: =SUMIFS(DATA!$L:$L,DATA!$O:$O,'SALES BY SYSTEM'!$A37,DATA!$M:$M,'SALES BY SYSTEM'!$O$3) -> 0 | L37: =SUMIFS('SALE BY STORE'!$Q$3:$Q$982,'SALE BY STORE'!$B$3:$B$982,'SALES BY SYSTEM'!$A37) -> 4.2322083e+08 | M37: =SUMIFS(DATA!$L:$L,DATA!$O:$O,'SALES BY SYSTEM'!$A37,DATA!$M:$M,'SALES BY SYSTEM'!$O$4) -> 0
A38: MEDICARE | B38: 86 | C38: =SUMIFS('SALE BY STORE'!$H$3:$H$982,'SALE BY STORE'!$B$3:$B$982,'SALES BY SYSTEM'!$A38) -> 0 | D38: =VALUE(SUM(G38,K38,I38,M38)) -> 0 | E38: =IFERROR(D38/C38,"") | F38: =SUMIFS('SALE BY STORE'!$K$3:$K$982,'SALE BY STORE'!$B$3:$B$982,'SALES BY SYSTEM'!$A38) -> 0 | G38: =SUMIFS(DATA!$L:$L,DATA!$O:$O,'SALES BY SYSTEM'!$A38,DATA!$M:$M,'SALES BY SYSTEM'!$O$1) -> 0 | H38: =SUMIFS('SALE BY STORE'!$N$3:$N$982,'SALE BY STORE'!$B$3:$B$982,'SALES BY SYSTEM'!$A38) -> 0 | I38: =SUMIFS(DATA!$L:$L,DATA!$O:$O,'SALES BY SYSTEM'!$A38,DATA!$M:$M,'SALES BY SYSTEM'!$O$2) -> 0 | J38: =SUMIFS('SALE BY STORE'!$T$3:$T$982,'SALE BY STORE'!$B$3:$B$982,'SALES BY SYSTEM'!$A38) -> 0 | K38: =SUMIFS(DATA!$L:$L,DATA!$O:$O,'SALES BY SYSTEM'!$A38,DATA!$M:$M,'SALES BY SYSTEM'!$O$3) -> 0 | L38: =SUMIFS('SALE BY STORE'!$Q$3:$Q$982,'SALE BY STORE'!$B$3:$B$982,'SALES BY SYSTEM'!$A38) -> 0 | M38: =SUMIFS(DATA!$L:$L,DATA!$O:$O,'SALES BY SYSTEM'!$A38,DATA!$M:$M,'SALES BY SYSTEM'!$O$4) -> 0
A39: FAMIMART | C39: =SUMIFS('SALE BY STORE'!$H$3:$H$982,'SALE BY STORE'!$B$3:$B$982,'SALES BY SYSTEM'!$A39) -> 0 | D39: =VALUE(SUM(G39,K39,I39,M39)) -> 0 | E39: =IFERROR(D39/C39,"") | F39: =SUMIFS('SALE BY STORE'!$K$3:$K$982,'SALE BY STORE'!$B$3:$B$982,'SALES BY SYSTEM'!$A39) -> 0 | G39: =SUMIFS(DATA!$L:$L,DATA!$O:$O,'SALES BY SYSTEM'!$A39,DATA!$M:$M,'SALES BY SYSTEM'!$O$1) -> 0 | H39: =SUMIFS('SALE BY STORE'!$N$3:$N$982,'SALE BY STORE'!$B$3:$B$982,'SALES BY SYSTEM'!$A39) -> 0 | I39: =SUMIFS(DATA!$L:$L,DATA!$O:$O,'SALES BY SYSTEM'!$A39,DATA!$M:$M,'SALES BY SYSTEM'!$O$2) -> 0 | J39: =SUMIFS('SALE BY STORE'!$T$3:$T$982,'SALE BY STORE'!$B$3:$B$982,'SALES BY SYSTEM'!$A39) -> 0 | K39: =SUMIFS(DATA!$L:$L,DATA!$O:$O,'SALES BY SYSTEM'!$A39,DATA!$M:$M,'SALES BY SYSTEM'!$O$3) -> 0 | L39: =SUMIFS('SALE BY STORE'!$Q$3:$Q$982,'SALE BY STORE'!$B$3:$B$982,'SALES BY SYSTEM'!$A39) -> 0 | M39: =SUMIFS(DATA!$L:$L,DATA!$O:$O,'SALES BY SYSTEM'!$A39,DATA!$M:$M,'SALES BY SYSTEM'!$O$4) -> 0
A40: FRUITS AND MORE | C40: =SUMIFS('SALE BY STORE'!$H$3:$H$982,'SALE BY STORE'!$B$3:$B$982,'SALES BY SYSTEM'!$A40) -> 0 | D40: =VALUE(SUM(G40,K40,I40,M40)) -> 0 | E40: =IFERROR(D40/C40,"") | F40: =SUMIFS('SALE BY STORE'!$K$3:$K$982,'SALE BY STORE'!$B$3:$B$982,'SALES BY SYSTEM'!$A40) -> 0 | G40: =SUMIFS(DATA!$L:$L,DATA!$O:$O,'SALES BY SYSTEM'!$A40,DATA!$M:$M,'SALES BY SYSTEM'!$O$1) -> 0 | H40: =SUMIFS('SALE BY STORE'!$N$3:$N$982,'SALE BY STORE'!$B$3:$B$982,'SALES BY SYSTEM'!$A40) -> 0 | I40: =SUMIFS(DATA!$L:$L,DATA!$O:$O,'SALES BY SYSTEM'!$A40,DATA!$M:$M,'SALES BY SYSTEM'!$O$2) -> 0 | J40: =SUMIFS('SALE BY STORE'!$T$3:$T$982,'SALE BY STORE'!$B$3:$B$982,'SALES BY SYSTEM'!$A40) -> 0 | K40: =SUMIFS(DATA!$L:$L,DATA!$O:$O,'SALES BY SYSTEM'!$A40,DATA!$M:$M,'SALES BY SYSTEM'!$O$3) -> 0 | L40: =SUMIFS('SALE BY STORE'!$Q$3:$Q$982,'SALE BY STORE'!$B$3:$B$982,'SALES BY SYSTEM'!$A40) -> 0 | M40: =SUMIFS(DATA!$L:$L,DATA!$O:$O,'SALES BY SYSTEM'!$A40,DATA!$M:$M,'SALES BY SYSTEM'!$O$4) -> 0
A41: NHANH NHANH | C41: =SUMIFS('SALE BY STORE'!$H$3:$H$982,'SALE BY STORE'!$B$3:$B$982,'SALES BY SYSTEM'!$A41) -> 0 | D41: =VALUE(SUM(G41,K41,I41,M41)) -> 0 | E41: =IFERROR(D41/C41,"") | F41: =SUMIFS('SALE BY STORE'!$K$3:$K$982,'SALE BY STORE'!$B$3:$B$982,'SALES BY SYSTEM'!$A41) -> 0 | G41: =SUMIFS(DATA!$L:$L,DATA!$O:$O,'SALES BY SYSTEM'!$A41,DATA!$M:$M,'SALES BY SYSTEM'!$O$1) -> 0 | H41: =SUMIFS('SALE BY STORE'!$N$3:$N$982,'SALE BY STORE'!$B$3:$B$982,'SALES BY SYSTEM'!$A41) -> 0 | I41: =SUMIFS(DATA!$L:$L,DATA!$O:$O,'SALES BY SYSTEM'!$A41,DATA!$M:$M,'SALES BY SYSTEM'!$O$2) -> 0 | J41: =SUMIFS('SALE BY STORE'!$T$3:$T$982,'SALE BY STORE'!$B$3:$B$982,'SALES BY SYSTEM'!$A41) -> 0 | K41: =SUMIFS(DATA!$L:$L,DATA!$O:$O,'SALES BY SYSTEM'!$A41,DATA!$M:$M,'SALES BY SYSTEM'!$O$3) -> 0 | L41: =SUMIFS('SALE BY STORE'!$Q$3:$Q$982,'SALE BY STORE'!$B$3:$B$982,'SALES BY SYSTEM'!$A41) -> 0 | M41: =SUMIFS(DATA!$L:$L,DATA!$O:$O,'SALES BY SYSTEM'!$A41,DATA!$M:$M,'SALES BY SYSTEM'!$O$4) -> 0
A42: PHAM HUY ANH | C42: =SUMIFS('SALE BY STORE'!$H$3:$H$982,'SALE BY STORE'!$B$3:$B$982,'SALES BY SYSTEM'!$A42) -> 0 | D42: =VALUE(SUM(G42,K42,I42,M42)) -> 0 | E42: =IFERROR(D42/C42,"") | F42: =SUMIFS('SALE BY STORE'!$K$3:$K$982,'SALE BY STORE'!$B$3:$B$982,'SALES BY SYSTEM'!$A42) -> 0 | G42: =SUMIFS(DATA!$L:$L,DATA!$O:$O,'SALES BY SYSTEM'!$A42,DATA!$M:$M,'SALES BY SYSTEM'!$O$1) -> 0 | H42: =SUMIFS('SALE BY STORE'!$N$3:$N$982,'SALE BY STORE'!$B$3:$B$982,'SALES BY SYSTEM'!$A42) -> 0 | I42: =SUMIFS(DATA!$L:$L,DATA!$O:$O,'SALES BY SYSTEM'!$A42,DATA!$M:$M,'SALES BY SYSTEM'!$O$2) -> 0 | J42: =SUMIFS('SALE BY STORE'!$T$3:$T$982,'SALE BY STORE'!$B$3:$B$982,'SALES BY SYSTEM'!$A42) -> 0 | K42: =SUMIFS(DATA!$L:$L,DATA!$O:$O,'SALES BY SYSTEM'!$A42,DATA!$M:$M,'SALES BY SYSTEM'!$O$3) -> 0 | L42: =SUMIFS('SALE BY STORE'!$Q$3:$Q$982,'SALE BY STORE'!$B$3:$B$982,'SALES BY SYSTEM'!$A42) -> 0 | M42: =SUMIFS(DATA!$L:$L,DATA!$O:$O,'SALES BY SYSTEM'!$A42,DATA!$M:$M,'SALES BY SYSTEM'!$O$4) -> 0
A43: KING KONG MART | B43: 1 | C43: =SUMIFS('SALE BY STORE'!$H$3:$H$982,'SALE BY STORE'!$B$3:$B$982,'SALES BY SYSTEM'!$A43) -> 6223835.7 | D43: =VALUE(SUM(G43,K43,I43,M43)) -> 0 | E43: =IFERROR(D43/C43,"") -> 0 | F43: =SUMIFS('SALE BY STORE'!$K$3:$K$982,'SALE BY STORE'!$B$3:$B$982,'SALES BY SYSTEM'!$A43) -> 0 | G43: =SUMIFS(DATA!$L:$L,DATA!$O:$O,'SALES BY SYSTEM'!$A43,DATA!$M:$M,'SALES BY SYSTEM'!$O$1) -> 0 | H43: =SUMIFS('SALE BY STORE'!$N$3:$N$982,'SALE BY STORE'!$B$3:$B$982,'SALES BY SYSTEM'!$A43) -> 0 | I43: =SUMIFS(DATA!$L:$L,DATA!$O:$O,'SALES BY SYSTEM'!$A43,DATA!$M:$M,'SALES BY SYSTEM'!$O$2) -> 0 | J43: =SUMIFS('SALE BY STORE'!$T$3:$T$982,'SALE BY STORE'!$B$3:$B$982,'SALES BY SYSTEM'!$A43) -> 0 | K43: =SUMIFS(DATA!$L:$L,DATA!$O:$O,'SALES BY SYSTEM'!$A43,DATA!$M:$M,'SALES BY SYSTEM'!$O$3) -> 0 | L43: =SUMIFS('SALE BY STORE'!$Q$3:$Q$982,'SALE BY STORE'!$B$3:$B$982,'SALES BY SYSTEM'!$A43) -> 6223835.7 | M43: =SUMIFS(DATA!$L:$L,DATA!$O:$O,'SALES BY SYSTEM'!$A43,DATA!$M:$M,'SALES BY SYSTEM'!$O$4) -> 0
A44: VINMART | C44: =SUMIFS('SALE BY STORE'!$H$3:$H$982,'SALE BY STORE'!$B$3:$B$982,'SALES BY SYSTEM'!$A44) -> 1.0342356e+09 | D44: =VALUE(SUM(G44,K44,I44,M44)) -> 0 | E44: =IFERROR(D44/C44,"") -> 0 | F44: =SUMIFS('SALE BY STORE'!$K$3:$K$982,'SALE BY STORE'!$B$3:$B$982,'SALES BY SYSTEM'!$A44) -> 0 | G44: =SUMIFS(DATA!$L:$L,DATA!$O:$O,'SALES BY SYSTEM'!$A44,DATA!$M:$M,'SALES BY SYSTEM'!$O$1) -> 0 | H44: =SUMIFS('SALE BY STORE'!$N$3:$N$982,'SALE BY STORE'!$B$3:$B$982,'SALES BY SYSTEM'!$A44) -> 3.9595071e+08 | I44: =SUMIFS(DATA!$L:$L,DATA!$O:$O,'SALES BY SYSTEM'!$A44,DATA!$M:$M,'SALES BY SYSTEM'!$O$2) -> 0 | J44: =SUMIFS('SALE BY STORE'!$T$3:$T$982,'SALE BY STORE'!$B$3:$B$982,'SALES BY SYSTEM'!$A44) -> 0 | K44: =SUMIFS(DATA!$L:$L,DATA!$O:$O,'SALES BY SYSTEM'!$A44,DATA!$M:$M,'SALES BY SYSTEM'!$O$3) -> 0 | L44: =SUMIFS('SALE BY STORE'!$Q$3:$Q$982,'SALE BY STORE'!$B$3:$B$982,'SALES BY SYSTEM'!$A44) -> 6.3828488e+08 | M44: =SUMIFS(DATA!$L:$L,DATA!$O:$O,'SALES BY SYSTEM'!$A44,DATA!$M:$M,'SALES BY SYSTEM'!$O$4) -> 0
A45: FAMILY | C45: =SUMIFS('SALE BY STORE'!$H$3:$H$982,'SALE BY STORE'!$B$3:$B$982,'SALES BY SYSTEM'!$A45) -> 44811617 | D45: =VALUE(SUM(G45,K45,I45,M45)) -> 0 | E45: =IFERROR(D45/C45,"") -> 0 | F45: =SUMIFS('SALE BY STORE'!$K$3:$K$982,'SALE BY STORE'!$B$3:$B$982,'SALES BY SYSTEM'!$A45) -> 0 | G45: =SUMIFS(DATA!$L:$L,DATA!$O:$O,'SALES BY SYSTEM'!$A45,DATA!$M:$M,'SALES BY SYSTEM'!$O$1) -> 0 | H45: =SUMIFS('SALE BY STORE'!$N$3:$N$982,'SALE BY STORE'!$B$3:$B$982,'SALES BY SYSTEM'!$A45) -> 0 | I45: =SUMIFS(DATA!$L:$L,DATA!$O:$O,'SALES BY SYSTEM'!$A45,DATA!$M:$M,'SALES BY SYSTEM'!$O$2) -> 0 | J45: =SUMIFS('SALE BY STORE'!$T$3:$T$982,'SALE BY STORE'!$B$3:$B$982,'SALES BY SYSTEM'!$A45) -> 0 | K45: =SUMIFS(DATA!$L:$L,DATA!$O:$O,'SALES BY SYSTEM'!$A45,DATA!$M:$M,'SALES BY SYSTEM'!$O$3) -> 0 | L45: =SUMIFS('SALE BY STORE'!$Q$3:$Q$982,'SALE BY STORE'!$B$3:$B$982,'SALES BY SYSTEM'!$A45) -> 44811617 | M45: =SUMIFS(DATA!$L:$L,DATA!$O:$O,'SALES BY SYSTEM'!$A45,DATA!$M:$M,'SALES BY SYSTEM'!$O$4) -> 0
A46: CÔNG TY TNHH THƯƠNG MẠI DỊCH VỤ NNK | C46: =SUMIFS('SALE BY STORE'!$H$3:$H$982,'SALE BY STORE'!$B$3:$B$982,'SALES BY SYSTEM'!$A46) -> 0 | D46: =VALUE(SUM(G46,K46,I46,M46)) -> 0 | E46: =IFERROR(D46/C46,"") | F46: =SUMIFS('SALE BY STORE'!$K$3:$K$982,'SALE BY STORE'!$B$3:$B$982,'SALES BY SYSTEM'!$A46) -> 0 | G46: =SUMIFS(DATA!$L:$L,DATA!$O:$O,'SALES BY SYSTEM'!$A46,DATA!$M:$M,'SALES BY SYSTEM'!$O$1) -> 0 | H46: =SUMIFS('SALE BY STORE'!$N$3:$N$982,'SALE BY STORE'!$B$3:$B$982,'SALES BY SYSTEM'!$A46) -> 0 | I46: =SUMIFS(DATA!$L:$L,DATA!$O:$O,'SALES BY SYSTEM'!$A46,DATA!$M:$M,'SALES BY SYSTEM'!$O$2) -> 0 | J46: =SUMIFS('SALE BY STORE'!$T$3:$T$982,'SALE BY STORE'!$B$3:$B$982,'SALES BY SYSTEM'!$A46) -> 0 | K46: =SUMIFS(DATA!$L:$L,DATA!$O:$O,'SALES BY SYSTEM'!$A46,DATA!$M:$M,'SALES BY SYSTEM'!$O$3) -> 0 | L46: =SUMIFS('SALE BY STORE'!$Q$3:$Q$982,'SALE BY STORE'!$B$3:$B$982,'SALES BY SYSTEM'!$A46) -> 0 | M46: =SUMIFS(DATA!$L:$L,DATA!$O:$O,'SALES BY SYSTEM'!$A46,DATA!$M:$M,'SALES BY SYSTEM'!$O$4) -> 0
A47: NHAT HUONG | C47: =SUMIFS('SALE BY STORE'!$H$3:$H$982,'SALE BY STORE'!$B$3:$B$982,'SALES BY SYSTEM'!$A47) -> 0 | D47: =VALUE(SUM(G47,K47,I47,M47)) -> 0 | E47: =IFERROR(D47/C47,"") | F47: =SUMIFS('SALE BY STORE'!$K$3:$K$982,'SALE BY STORE'!$B$3:$B$982,'SALES BY SYSTEM'!$A47) -> 0 | G47: =SUMIFS(DATA!$L:$L,DATA!$O:$O,'SALES BY SYSTEM'!$A47,DATA!$M:$M,'SALES BY SYSTEM'!$O$1) -> 0 | H47: =SUMIFS('SALE BY STORE'!$N$3:$N$982,'SALE BY STORE'!$B$3:$B$982,'SALES BY SYSTEM'!$A47) -> 0 | I47: =SUMIFS(DATA!$L:$L,DATA!$O:$O,'SALES BY SYSTEM'!$A47,DATA!$M:$M,'SALES BY SYSTEM'!$O$2) -> 0 | J47: =SUMIFS('SALE BY STORE'!$T$3:$T$982,'SALE BY STORE'!$B$3:$B$982,'SALES BY SYSTEM'!$A47) -> 0 | K47: =SUMIFS(DATA!$L:$L,DATA!$O:$O,'SALES BY SYSTEM'!$A47,DATA!$M:$M,'SALES BY SYSTEM'!$O$3) -> 0 | L47: =SUMIFS('SALE BY STORE'!$Q$3:$Q$982,'SALE BY STORE'!$B$3:$B$982,'SALES BY SYSTEM'!$A47) -> 0 | M47: =SUMIFS(DATA!$L:$L,DATA!$O:$O,'SALES BY SYSTEM'!$A47,DATA!$M:$M,'SALES BY SYSTEM'!$O$4) -> 0
A48: CÔNG TY TNHH KINGKONG PQ | C48: =SUMIFS('SALE BY STORE'!$H$3:$H$982,'SALE BY STORE'!$B$3:$B$982,'SALES BY SYSTEM'!$A48) -> 0 | D48: =VALUE(SUM(G48,K48,I48,M48)) -> 0 | E48: =IFERROR(D48/C48,"") | F48: =SUMIFS('SALE BY STORE'!$K$3:$K$982,'SALE BY STORE'!$B$3:$B$982,'SALES BY SYSTEM'!$A48) -> 0 | G48: =SUMIFS(DATA!$L:$L,DATA!$O:$O,'SALES BY SYSTEM'!$A48,DATA!$M:$M,'SALES BY SYSTEM'!$O$1) -> 0 | H48: =SUMIFS('SALE BY STORE'!$N$3:$N$982,'SALE BY STORE'!$B$3:$B$982,'SALES BY SYSTEM'!$A48) -> 0 | I48: =SUMIFS(DATA!$L:$L,DATA!$O:$O,'SALES BY SYSTEM'!$A48,DATA!$M:$M,'SALES BY SYSTEM'!$O$2) -> 0 | J48: =SUMIFS('SALE BY STORE'!$T$3:$T$982,'SALE BY STORE'!$B$3:$B$982,'SALES BY SYSTEM'!$A48) -> 0 | K48: =SUMIFS(DATA!$L:$L,DATA!$O:$O,'SALES BY SYSTEM'!$A48,DATA!$M:$M,'SALES BY SYSTEM'!$O$3) -> 0 | L48: =SUMIFS('SALE BY STORE'!$Q$3:$Q$982,'SALE BY STORE'!$B$3:$B$982,'SALES BY SYSTEM'!$A48) -> 0 | M48: =SUMIFS(DATA!$L:$L,DATA!$O:$O,'SALES BY SYSTEM'!$A48,DATA!$M:$M,'SALES BY SYSTEM'!$O$4) -> 0
A49: Siêu Thị Bùi Mart | C49: =SUMIFS('SALE BY STORE'!$H$3:$H$982,'SALE BY STORE'!$B$3:$B$982,'SALES BY SYSTEM'!$A49) -> 0 | D49: =VALUE(SUM(G49,K49,I49,M49)) -> 0 | E49: =IFERROR(D49/C49,"") | F49: =SUMIFS('SALE BY STORE'!$K$3:$K$982,'SALE BY STORE'!$B$3:$B$982,'SALES BY SYSTEM'!$A49) -> 0 | G49: =SUMIFS(DATA!$L:$L,DATA!$O:$O,'SALES BY SYSTEM'!$A49,DATA!$M:$M,'SALES BY SYSTEM'!$O$1) -> 0 | H49: =SUMIFS('SALE BY STORE'!$N$3:$N$982,'SALE BY STORE'!$B$3:$B$982,'SALES BY SYSTEM'!$A49) -> 0 | I49: =SUMIFS(DATA!$L:$L,DATA!$O:$O,'SALES BY SYSTEM'!$A49,DATA!$M:$M,'SALES BY SYSTEM'!$O$2) -> 0 | J49: =SUMIFS('SALE BY STORE'!$T$3:$T$982,'SALE BY STORE'!$B$3:$B$982,'SALES BY SYSTEM'!$A49) -> 0 | K49: =SUMIFS(DATA!$L:$L,DATA!$O:$O,'SALES BY SYSTEM'!$A49,DATA!$M:$M,'SALES BY SYSTEM'!$O$3) -> 0 | L49: =SUMIFS('SALE BY STORE'!$Q$3:$Q$982,'SALE BY STORE'!$B$3:$B$982,'SALES BY SYSTEM'!$A49) -> 0 | M49: =SUMIFS(DATA!$L:$L,DATA!$O:$O,'SALES BY SYSTEM'!$A49,DATA!$M:$M,'SALES BY SYSTEM'!$O$4) -> 0
A50: TỔNG | C50: =ROUND(SUM(C21,C16,C4),-8) -> 5000000000 | D50: =ROUNDUP(SUM(D21,D4,D16),-4) -> 0 | E50: =IFERROR(D50/C50,"") -> 0 | F50: =ROUNDUP(SUM(F21,F4,F16),-5) -> 351200000 | G50: =ROUNDUP(SUM(G21,G4,G16),-5) -> 0 | H50: =ROUNDUP(SUM(H21,H4,H16),-5) -> 974400000 | I50: =ROUNDUP(SUM(I21,I4,I16),-5) -> 0 | J50: =ROUNDUP(SUM(J21,J4,J16),-5) -> 200900000 | K50: =ROUNDUP(SUM(K21,K4,K16),-5) -> 0 | L50: =ROUNDUP(SUM(L21,L4,L16),-5) -> 3473600000 | M50: =ROUNDUP(SUM(M21,M4,M16),-5) -> 0

Sheet CUSTOMER
A1: TEN DON VI | B1: HE THONG | C1: SYSTEM CODE | D1: KA | E1: SUP | F1: SALE | G1: PG | H1: QUAN | I1: VUNG MIEN | J1: TINH/THANH
A2: HO KINH DOANH 3S PHAN THIET | B2: 3S PHAN THIET | C2: 3S_PTHIET | D2: KA HCM1 | E2: VACANCY | F2: VACANCY | G2: "NO PG"
A3: A STORE AN GIANG | B3: A STORE | C3: 6322 | D3: KA HCM1 | E3: VACANCY | F3: VACANCY | G3: "NO PG" | I3: AN GIANG | J3: DONG BANG SONG CUU LONG
A4: AB BEAUTY WORLD | B4: ABBW | C4: AB_PART | D4: KA HCM1 | E4: VACANCY | F4: VACANCY | G4: "NO PG" | I4: TP HCM | J4: HCM
A5: AB BEAUTY WORLD LE DAI HANH | B5: ABBW | C5: AB_LDH | D5: KA HCM1 | E5: VACANCY | F5: VACANCY | G5: "NO PG" | I5: TP HCM | J5: HCM
A6: AB BEAUTY WORLD LE VAN SY | B6: ABBW | C6: AB_LVS | D6: KA HCM1 | E6: VACANCY | F6: VACANCY | G6: "NO PG" | I6: TP HCM | J6: HCM
A7: AB BEAUTY WORLD LUY BAN BICH | B7: ABBW | C7: AB_LBB | D7: KA HCM1 | E7: VACANCY | F7: VACANCY | G7: "NO PG" | I7: TP HCM | J7: HCM
A8: AB BEAUTY WORLD MA LO | B8: ABBW | C8: AB_MALO | D8: KA HCM1 | E8: VACANCY | F8: VACANCY | G8: "NO PG" | I8: TP HCM | J8: HCM
A9: AB BEAUTY WORLD NGUYEN THI THAP | B9: ABBW | C9: AB_NTTHAP | D9: KA HCM1 | E9: VACANCY | F9: VACANCY | G9: "NO PG" | I9: TP HCM | J9: HCM
A10: AB BEAUTY WORLD PHAN DANG LUU | B10: ABBW | C10: AB_PDL | D10: KA HCM1 | E10: VACANCY | F10: VACANCY | G10: "NO PG" | I10: TP HCM | J10: HCM
A11: ACE HOME CELADON | B11: ACE | C11: ACE_HOME_CEL | D11: KA HCM1 | E11: LE NAM PHUONG | F11: VACANCY | G11: "NO PG"
A12: ACE HOME SU VAN HANH | B12: ACE | C12: ACE_HOME_SVH | D12: KA HCM1 | E12: LE NAM PHUONG | F12: VACANCY | G12: "NO PG"
A13: ACE CELADON | B13: ACE | C13: ACE_CELADON | D13: KA HCM1 | E13: LE NAM PHUONG | F13: VU THUY MINH THAO | G13: "NO PG"
A14: ACE SONG HANH | B14: ACE | C14: ACE_SH | D14: KA HCM1 | E14: LE NAM PHUONG | F14: VU THUY MINH THAO | G14: "NO PG" | I14: TP HCM | J14: HCM
A15: ACE SU VAN HANH | B15: ACE | C15: ACE_SVH | D15: KA HCM1 | E15: LE NAM PHUONG | F15: VU THUY MINH THAO | G15: "NO PG" | I15: TP HCM | J15: HCM
A16: ACE VIVOCITY | B16: ACE | C16: ACE_VIVO | D16: KA HCM1 | E16: LE NAM PHUONG | F16: VU THUY MINH THAO | G16: "NO PG"
A17: AEON BINH DUONG | B17: AEON | C17: AEON_BDUONG_RDC | D17: KA HCM1 | E17: LE NAM PHUONG | F17: VACANCY | G17: "NO PG" | I17: BINH DUONG | J17: MIEN DONG NAM BO
A18: AEON BINH TAN | B18: AEON | C18: AEON_BTAN_RDC | D18: KA HCM1 | E18: LE NAM PHUONG | F18: VACANCY | G18: "NO PG" | I18: TP HCM | J18: HCM
A19: AEON HA DONG | B19: AEON | C19: AEON_HDONG_RDC | D19: KA HCM1 | E19: LE NAM PHUONG | F19: LE THI HONG DIEP | G19: "NO PG" | I19: HA NOI | J19: MIEN BAC
A20: AEON HAI PHONG | B20: AEON | C20: AEON_HPHONG_RDC | D20: KA HCM1 | E20: LE NAM PHUONG | F20: VACANCY | G20: "NO PG" | I20: HAI PHONG | J20: MIEN BAC
A21: AEON LONG BIEN | B21: AEON | C21: AEON_LBIEN_RDC | D21: KA HCM1 | E21: LE NAM PHUONG | F21: LE THI HONG DIEP | G21: "NO PG" | I21: HA NOI | J21: MIEN BAC
A22: AEON NEWTON | B22: AEON | C22: AEON_GBNEWTON_RDC | D22: KA HCM1 | E22: LE NAM PHUONG | F22: VACANCY | G22: "NO PG" | I22: HAI PHONG | J22: MIEN BAC
A23: AEON TAN PHU | B23: AEON | C23: AEON_TPHU_RDC | D23: KA HCM1 | E23: LE NAM PHUONG | F23: VU THUY MINH THAO | G23: "NO PG" | I23: TP HCM | J23: HCM
A24: AEON CITI B&B CONIC | B24: AEON CITI | C24: CITI_CONIC | D24: KA HCM1 | E24: LE NAM PHUONG | F24: "NO SALE" | G24: "NO PG" | I24: TP HCM | J24: HCM
A25: AEON CITI BCA QUAN 2 | B25: AEON CITI | C25: CITI_BCAN | D25: KA HCM1 | E25: LE NAM PHUONG | F25: "NO SALE" | G25: "NO PG" | I25: TP HCM | J25: HCM
A26: AEON CITI BINH DUONG | B26: AEON CITI | C26: CITI_BDUONG | D26: KA HCM1 | E26: LE NAM PHUONG | F26: "NO SALE" | G26: "NO PG" | I26: BINH DUONG | J26: MIEN DONG NAM BO
A27: AEON CITI BINH TAN | B27: AEON CITI | C27: CITI_BTAN | D27: KA HCM1 | E27: LE NAM PHUONG | F27: "NO SALE" | G27: "NO PG" | I27: TP HCM | J27: HCM
A28: AEON CITI CAO THANG | B28: AEON CITI | C28: CITI_CTHANG | D28: KA HCM1 | E28: LE NAM PHUONG | F28: "NO SALE" | G28: "NO PG" | I28: TP HCM | J28: HCM
... A47: AEON CITI TROPIC QUAN 2 | B47: AEON CITI | C47: CITI_TROPIC | D47: KA HCM1 | E47: LE NAM PHUONG | F47: "NO SALE" | G47: "NO PG" | I47: TP HCM | J47: HCM
A48: AEON CITI ORCH | B48: AEON CITI | C48: CITI_ORCH | D48: KA HCM1 | E48: LE NAM PHUONG | F48: VACANCY | G48: "NO PG"
A49: AN NAM FELIZ | B49: AN NAM | C49: SD_FELIZ | D49: KA HCM1 | E49: TRAN THI THAO NGUYEN | F49: NGUYEN THI MUON | G49: "NO PG"
A50: AN NAM HAI BA TRUNG | B50: AN NAM | C50: SD_HBT | D50: KA HCM1 | E50: TRAN THI THAO NGUYEN | F50: NGUYEN THI MUON | G50: "NO PG" | I50: TP HCM | J50: HCM
A51: AN NAM LANDMART 81 | B51: AN NAM | C51: SD_LAND81 | D51: KA HCM1 | E51: TRAN THI THAO NGUYEN | F51: NGUYEN THI MUON | G51: "NO PG" | I51: TP HCM | J51: HCM
A52: AN NAM LE LOI | B52: AN NAM | C52: SD_LLOI | D52: KA HCM1 | E52: TRAN THI THAO NGUYEN | F52: NGUYEN THI MUON | G52: "NO PG" | I52: TP HCM | J52: HCM
A53: AN NAM LONG BIEN | B53: AN NAM | C53: SD_LBIEN | D53: KA HCM1 | E53: TRAN THI THAO NGUYEN | F53: LE THI HONG DIEP | G53: "NO PG"
A54: AN NAM NGUYEN DUC CANH | B54: AN NAM | C54: SD_NDC | D54: KA HCM1 | E54: TRAN THI THAO NGUYEN | F54: NGUYEN THI MUON | G54: "NO PG" | I54: TP HCM | J54: HCM
A55: AN NAM NGUYEN HUU CANH | B55: AN NAM | C55: SD_NHC | D55: KA HCM1 | E55: TRAN THI THAO NGUYEN | F55: NGUYEN THI MUON | G55: "NO PG" | I55: TP HCM | J55: HCM
A56: AN NAM NGUYEN LUONG BANG | B56: AN NAM | C56: SD_NLB | D56: KA HCM1 | E56: TRAN THI THAO NGUYEN | F56: NGUYEN THI MUON | G56: "NO PG"
A57: AN NAM NGUYEN VAN TROI | B57: AN NAM | C57: SD_NVT | D57: KA HCM1 | E57: TRAN THI THAO NGUYEN | F57: NGUYEN THI MUON | G57: "NO PG"
A58: AN NAM SONG HANH | B58: AN NAM | C58: SD_SH | D58: KA HCM1 | E58: TRAN THI THAO NGUYEN | F58: NGUYEN THI MUON | G58: "NO PG" | I58: TP HCM | J58: HCM
A59: AN NAM SYRENA | B59: AN NAM | C59: SD_SYRENA | D59: KA HCM1 | E59: TRAN THI THAO NGUYEN | F59: LE THI HONG DIEP | G59: "NO PG"
A60: AN NAM TERACE | B60: AN NAM | C60: SD_TERRACE | D60: KA HCM1 | E60: TRAN THI THAO NGUYEN | F60: NGUYEN THI MUON | G60: "NO PG"
A61: AN NAM THAO DIEN | B61: AN NAM | C61: SD_TDIEN | D61: KA HCM1 | E61: TRAN THI THAO NGUYEN | F61: NGUYEN THI MUON | G61: "NO PG" | I61: TP HCM | J61: HCM
A62: AN NAM THU DUC | B62: AN NAM | C62: SD_TDUC | D62: KA HCM1 | E62: TRAN THI THAO NGUYEN | F62: NGUYEN THI MUON | G62: "NO PG"
A63: AN NAM TIMESCITY | B63: AN NAM | C63: SD_TIMESCITY | D63: KA HCM1 | E63: TRAN THI THAO NGUYEN | F63: LE THI HONG DIEP | G63: "NO PG"
A64: AN NAM VINSMART | B64: AN NAM | C64: SD_VINSMART | D64: KA HCM1 | E64: TRAN THI THAO NGUYEN | F64: LE THI HONG DIEP | G64: "NO PG"
A65: BACH HOA BUU DIEN BINH THANH | B65: BACH HOA BUU DIEN | C65: BD_BTHANH | D65: KA HCM1 | E65: TRAN THI THAO NGUYEN | F65: NO SALE | G65: "NO PG"
A66: BACH HOA BUU DIEN PHU NHUAN | B66: BACH HOA BUU DIEN | C66: BD_PNHUAN | D66: KA HCM1 | E66: TRAN THI THAO NGUYEN | F66: NO SALE | G66: "NO PG"
A67: BACH HOA BUU DIEN CU CHI | B67: BACH HOA BUU DIEN | C67: BD_CUCHI | D67: KA HCM1 | E67: TRAN THI THAO NGUYEN | F67: NO SALE | G67: "NO PG"
A68: BACH HOA XANH VINH | B68: BHX | C68: BHX_14675_VINH | D68: KA HCM1 | E68: LE NAM PHUONG | F68: VACANCY | G68: "NO PG"
A69: BACH HOA XANH QUANG TRI | B69: BHX | C69: BHX_14960_QUANGTRI | D69: KA HCM1 | E69: LE NAM PHUONG | F69: VACANCY | G69: "NO PG"
A70: BACH HOA XANH THANH HOA | B70: BHX | C70: BHX_15065_THOA | D70: KA HCM1 | E70: LE NAM PHUONG | F70: VACANCY | G70: "NO PG"
A71: BACH HOA XANH TAY NINH | B71: BHX | C71: BHX_13628_TNINH | D71: KA HCM1 | E71: LE NAM PHUONG | F71: VACANCY | G71: "NO PG"
A72: BACH HOA XANH XUYEN A | B72: BHX | C72: BHX_13807_XUYENA | D72: KA HCM1 | E72: LE NAM PHUONG | F72: VACANCY | G72: "NO PG"
A73: BACH HOA XANH AN KHANG | B73: BHX | C73: BHX_ANKHANG | D73: KA HCM1 | E73: LE NAM PHUONG | F73: "NO SALE" | G73: "NO PG" | I73: TP HCM
A74: BACH HOA XANH BAC LIEU | B74: BHX | C74: BHX_7085_BLI | D74: KA HCM1 | E74: LE NAM PHUONG | F74: VACANCY | G74: "NO PG" | I74: MIEN TAY
A75: BACH HOA XANH BEN TRE | B75: BHX | C75: BHX_7000_BTRE | D75: KA HCM1 | E75: LE NAM PHUONG | F75: VACANCY | G75: "NO PG" | I75: MIEN TAY
A76: BACH HOA XANH BUON ME THUOT | B76: BHX | C76: BHX_6450_BMT | D76: KA HCM1 | E76: LE NAM PHUONG | F76: VACANCY | G76: "NO PG" | I76: MIEN TAY
A77: BACH HOA XANH CAN DUOC | B77: BHX | C77: BHX_7234_CDUOC | D77: KA HCM1 | E77: LE NAM PHUONG | F77: VACANCY | G77: "NO PG" | I77: MIEN TAY
A78: BACH HOA XANH CAN DUOC | B78: BHX | C78: BHX_10760_CDUOC | D78: KA HCM1 | E78: LE NAM PHUONG | F78: VACANCY | G78: "NO PG"
A79: BACH HOA XANH CHAU THANH A | B79: BHX | C79: BHX_5060_CTHANHA | D79: KA HCM1 | E79: LE NAM PHUONG | F79: VACANCY | G79: "NO PG" | I79: MIEN TAY
A80: BACH HOA XANH DIEN KHANH | B80: BHX | C80: BHX_7200_DKHANH | D80: KA HCM1 | E80: LE NAM PHUONG | F80: VACANCY | G80: "NO PG" | I80: MIEN TAY
A81: BACH HOA XANH DONG PHU | B81: BHX | C81: BHX_7866_DPHU | D81: KA HCM1 | E81: LE NAM PHUONG | F81: VACANCY | G81: "NO PG" | I81: TP HCM
A82: BACH HOA XANH DUC HOA | B82: BHX | C82: BHX_10864_ONLDHOA | D82: KA HCM1 | E82: LE NAM PHUONG | F82: VACANCY | G82: "NO PG"
A83: BACH HOA XANH DUC TRONG | B83: BHX | C83: BHX_8030_DTRONG | D83: KA HCM1 | E83: LE NAM PHUONG | F83: VACANCY | G83: "NO PG" | I83: MIEN DONG
A84: BACH HOA XANH GO VAP | B84: BHX | C84: BHX_8681_GVAP | D84: KA HCM1 | E84: LE NAM PHUONG | F84: VACANCY | G84: "NO PG" | I84: TPHCM
A85: BACH HOA XANH HAM THUAN | B85: BHX | C85: BHX_7211_HTA | D85: KA HCM1 | E85: LE NAM PHUONG | F85: VACANCY | G85: "NO PG" | I85: MIEN TAY
A86: BACH HOA XANH HOA THANH | B86: BHX | C86: BHX_6960_HTHANH | D86: KA HCM1 | E86: LE NAM PHUONG | F86: VACANCY | G86: "NO PG" | I86: MIEN DONG | J86: MIEN DONG NAM BO
A87: BACH HOA XANH KHO LONG BINH | B87: BHX | C87: BHX_4089_LBINH | D87: KA HCM1 | E87: LE NAM PHUONG | F87: VACANCY | G87: "NO PG" | I87: DONG NAI | J87: MIEN DONG NAM BO
A88: BACH HOA XANH KHO NHA BE | B88: BHX | C88: BHX_6655_NHBE | D88: KA HCM1 | E88: LE NAM PHUONG | F88: VACANCY | G88: "NO PG" | I88: TP HCM | J88: HCM
A89: BACH HOA XANH KHO TRAN DAI NGHIA | B89: BHX | C89: BHX_3240_TDN | D89: KA HCM1 | E89: LE NAM PHUONG | F89: VACANCY | G89: "NO PG" | I89: TP HCM | J89: HCM
A90: BACH HOA XANH KHO TRAN DAI NGHIA ONLINE | B90: BHX | C90: BHX_27889_ONLTDN | D90: KA HCM1 | E90: LE NAM PHUONG | F90: VACANCY | G90: "NO PG"
A91: BACH HOA XANH KHO VINH LOC | B91: BHX | C91: BHX_1522_VLOC | D91: KA HCM1 | E91: LE NAM PHUONG | F91: VACANCY | G91: "NO PG" | I91: TP HCM | J91: HCM
A92: BACH HOA XANH KIEN GIANG | B92: BHX | C92: BHX_9899_TPHU | D92: KA HCM1 | E92: LE NAM PHUONG | F92: VACANCY | G92: "NO PG" | I92: TPHCM
A93: BACH HOA XANH MAI DAM | B93: BHX | C93: BHX_5664_MDAM | D93: KA HCM1 | E93: LE NAM PHUONG | F93: VACANCY | G93: "NO PG" | I93: TP HCM
A94: BACH HOA XANH MY THO | B94: BHX | C94: BHX_4014_MTHO | D94: KA HCM1 | E94: LE NAM PHUONG | F94: VACANCY | G94: "NO PG" | I94: MIEN TAY
A95: BACH HOA XANH OL VINH LOC | B95: BHX | C95: BHX_13935_ONLVLOC | D95: KA HCM1 | E95: LE NAM PHUONG | F95: VACANCY | G95: "NO PG"
A96: BACH HOA XANH PHU MY | B96: BHX | C96: BHX_7161_PMY | D96: KA HCM1 | E96: LE NAM PHUONG | F96: VACANCY | G96: "NO PG" | I96: TPHCM
A97: BACH HOA XANH TAN PHU TRUNG | B97: BHX | C97: BHX_6911_KGIANG | D97: KA HCM1 | E97: LE NAM PHUONG | F97: VACANCY | G97: "NO PG" | I97: TPHCM
A98: BACH HOA XANH THOT NOT | B98: BHX | C98: BHX_5058_TNOT | D98: KA HCM1 | E98: LE NAM PHUONG | F98: "NO SALE" | G98: "NO PG" | I98: MIEN TAY
A99: BACH HOA XANH THU DUC | B99: BHX | C99: BHX_9814_TDUC | D99: KA HCM1 | E99: LE NAM PHUONG | F99: VACANCY | G99: "NO PG" | I99: TPHCM
A100: BACH HOA XANH THUAN AN | B100: BHX | C100: BHX_5851_THAN | D100: KA HCM1 | E100: LE NAM PHUONG | F100: VACANCY | G100: "NO PG" | I100: TPHCM
A101: BIG C THANH BINH | B101: BIG C | C101: BIGC_TBINH | D101: KA HCM1 | E101: LE NAM PHUONG | F101: VACANCY | G101: "NO PG"
A102: BIG C HUONG TRA | B102: BIG C | C102: BIGC_HTRA | D102: KA HCM1 | E102: LE NAM PHUONG | F102: VACANCY | G102: "NO PG"
A103: BIG C NINH THUAN | B103: BIG C | C103: BIGC_NTHUAN | D103: KA HCM1 | E103: LE NAM PHUONG | F103: VACANCY | G103: "NO PG"
A104: BIG C LAP VO | B104: BIG C | C104: BIGC_LVO | D104: KA HCM1 | E104: LE NAM PHUONG | F104: VACANCY | G104: "NO PG"
A105: BIG C LOC NINH | B105: BIG C | C105: BIGC_LNINH | D105: KA HCM1 | E105: LE NAM PHUONG | F105: VACANCY | G105: "NO PG"
A106: BIG C HA NAM | B106: BIG C | C106: BIGC_HANAM | D106: KA HCM1 | E106: LE NAM PHUONG | F106: VACANCY | G106: "NO PG"
A107: BIG C AN NHON | B107: BIG C | C107: BIGC_ANNHON | D107: KA HCM1 | E107: LE NAM PHUONG | F107: VACANCY | G107: "NO PG"
A108: BIG C HUNG YEN | B108: BIG C | C108: BIGC_HYEN | D108: KA HCM1 | E108: LE NAM PHUONG | F108: VACANCY | G108: "NO PG"
A109: BIG C BAC LIEU | B109: BIG C | C109: BIGC_BLIEU | D109: KA HCM1 | E109: LE NAM PHUONG | F109: VACANCY | G109: "NO PG"
A110: BIG C HONG NGU | B110: BIG C | C110: BIGC_HNGU | D110: KA HCM1 | E110: LE NAM PHUONG | F110: VACANCY | G110: "NO PG"
A111: BIG C DIEN BAN | B111: BIG C | C111: BIGC_DBAN | D111: KA HCM1 | E111: LE NAM PHUONG | F111: VACANCY | G111: "NO PG"
A112: BIG C AN LAC | B112: BIG C | C112: BIGC_ANLAC | D112: KA HCM1 | E112: LE NAM PHUONG | F112: NGUYEN THI OANH | G112: "NO PG" | I112: TP HCM | J112: HCM
A113: BIG C AN PHU | B113: BIG C | C113: BIGC_ANPHU | D113: KA HCM1 | E113: LE NAM PHUONG | F113: NGUYEN THI OANH | G113: "NO PG" | I113: TP HCM | J113: HCM
A114: BIG C AU CO | B114: BIG C | C114: BIGC_AUCO | D114: KA HCM1 | E114: LE NAM PHUONG | F114: NGUYEN THI OANH | G114: "NO PG" | I114: TP HCM | J114: HCM
A115: BIG C BAC GIANG | B115: BIG C | C115: BIGC_BGIANG | D115: KA HCM1 | E115: LE NAM PHUONG | F115: VACANCY | G115: "NO PG" | I115: BAC GIANG | J115: MIEN DONG BAC BO
A116: BIG C BEN TRE | B116: BIG C | C116: BIGC_GO_BTRE | D116: KA HCM1 | E116: LE NAM PHUONG | F116: VACANCY | G116: "NO PG" | I116: BEN TRE | J116: DONG BANG SONG CUU LONG
A117: BIG C BINH DUONG | B117: BIG C | C117: BIGC_BDUONG | D117: KA HCM1 | E117: LE NAM PHUONG | F117: VACANCY | G117: "NO PG" | I117: BINH DUONG | J117: MIEN DONG NAM BO
A118: BIG C CAN THO | B118: BIG C | C118: BIGC_CTHO | D118: KA HCM1 | E118: LE NAM PHUONG | F118: HUYNH NGOC HIEU | G118: "NO PG" | I118: CAN THO | J118: MIEN TAY
...

Sheet Sheet5
A1: MA KH | B1: HỆ THỐNG | C1: STORE
A2: ACE_SVH | B2: ACE | C2: ACE SU VAN HANH
A3: ACE_SH | B3: ACE | C3: ACE SONG HANH
A4: 6442 | B4: FOODSMART | C4: FOODSMART
A5: AEON_BDUONG_RDC | B5: AEON | C5: AEON BINH DUONG
A6: AEON_BTAN_RDC | B6: AEON | C6: AEON BINH TAN
A7: AEON_HDONG_RDC | B7: AEON | C7: AEON HA DONG
A8: AEON_HPHONG_RDC | B8: AEON | C8: AEON HAI PHONG
A9: AEON_LBIEN_RDC | B9: AEON | C9: AEON LONG BIEN
A10: AEON_TPHU_RDC | B10: AEON | C10: AEON TAN PHU
A11: AEON_GBNEWTON_RDC | B11: AEON | C11: AEON NEWTON
A12: SD_FELIZ | B12: AN NAM | C12: AN NAM FELIZ
... A413: 6441_PEGASUITE | B413: HASHTAG ECOS | C413: CTY CP HASHTAG ECOS PEGASUITE
A414: 4317 | B414: BIG C | C414: B'S MART
A415: 6485 | B415: UBG | C415: CÔNG TY CỔ PHẦN ĐẦU TƯ QUỐC TẾ UBG
A416: CP_CMT8 | B416: CAO PHONG | C416: CAO PHONG CACH MANG THANG 8
A417: CP_HD | B417: CAO PHONG | C417: CAO PHONG HOANG DIEU
A418: CP_HV | B418: CAO PHONG | C418: CAO PHONG HUNG VUONG
A419: CP_LDC | B419: CAO PHONG | C419: CAO PHONG LUONG DINH CUA
A420: CP_TDT | B420: CAO PHONG | C420: CAO PHONG TON DAT TIEN
A421: COOP_CGUOC | B421: COOP MART | C421: COOP CAN GIUOC
A422: COOP_MDUC | B422: COOP MART | C422: COOP MINH DUC
A423: COOP_QLO50 | B423: COOP MART | C423: COOP QUOC LO 50
A424: COOP_LTRUNG | B424: COOP EXTRA | C424: COOP EXTRA LINH TRUNG
A425: COOP_PVD | B425: COOP EXTRA | C425: COOP EXTRA PHAM VAN DONG
A426: COOP_SVH | B426: COOP EXTRA | C426: COOP EXTRA SU VAN HANH
... A591: BIGC_HOME_MYTHO | B591: HOMEMART | C591: HOME MART MY THO
A592: 0 | B592: HOMEMART | C592: HOME MART NGUYEN THI THAP
A593: 0 | B593: HOMEMART | C593: HOME MART NGUYEN VAN DAU
A594: COOP_F_PXUAN | B594: COOP FOOD | C594: COOPFOOD PHU XUAN
A595: VIN_TNINH | B595: VINMART | C595: VINMART TAY NINH
A596: VIN_BRVT | B596: VINMART | C596: VINMART BA RIA VUNG TAU
A597: VIN_BDINH | B597: VINMART | C597: VINMART BINH DINH
A598: VIN_STRANG | B598: VINMART | C598: VINMART SOC TRANG
A599: VIN_BPHUOC | B599: VINMART | C599: VINMART BINH PHUOC
A600: VIN_KTUM | B600: VINMART | C600: VINMART KONTUM
A601: VIN_GLAI | B601: VINMART | C601: VINMART GIA LAI
A602: HD_PICITY | B602: GENSHAI | C602: GENSHAI PICITY
A603: BIGC_HOME_ECO | B603: HOMEMART | C603: HOME MART NGUYEN XIEN
A604: JM_BVD | B604: J MART | C604: J MART
A605: 4932 | B605: K MART | C605: K MART AN CAT
... A696: ME_CH126 | B696: MEDICARE | C696: MEDICARE VINCOM HOA BINH
A697: 0 | B697: MEDICARE | C697: MEDICARE VINCOM HUE
A698: 0 | B698: MEDICARE | C698: MEDICARE VINCOM HUNG VUONG
A699: 0 | B699: MEDICARE | C699: MEDICARE VINCOM KIEN GIANG
A700: ME_CH135 | B700: MEDICARE | C700: MEDICARE VINCOM KON TUM
A701: ME_CH109 | B701: MEDICARE | C701: MEDICARE VINCOM LANG SON
A702: 0 | B702: MEDICARE | C702: MEDICARE VINCOM LE THANH TON
A703: ME_CH61 | B703: MEDICARE | C703: MEDICARE VINCOM LE VAN VIET
A704: 0 | B704: MEDICARE | C704: MEDICARE VINCOM LONG XUYEN
A705: 0 | B705: MEDICARE | C705: MEDICARE VINCOM LY BON
A706: ME_CH125 | B706: MEDICARE | C706: MEDICARE VINCOM MONG CAI
A707: ME_CH80 | B707: MEDICARE | C707: MEDICARE VINCOM NAM LONG
A708: ME_CH93 | B708: MEDICARE | C708: MEDICARE VINCOM NHA TRANG
A709: ME_CH104 | B709: MEDICARE | C709: MEDICARE VINCOM NHA TRANG 2
A710: ME_CH120 | B710: MEDICARE | C710: MEDICARE VINCOM PHAN RANG
A711: ME_CH110 | B711: MEDICARE | C711: MEDICARE VINCOM PHU LY
A712: ME_CH98 | B712: MEDICARE | C712: MEDICARE VINCOM PLAZA BAO LOC
A713: ME_CH101 | B713: MEDICARE | C713: MEDICARE VINCOM PLAZA DONG HOI
A714: ME_CH88 | B714: MEDICARE | C714: MEDICARE VINCOM PLAZA HA LONG
A715: 0 | B715: MEDICARE | C715: MEDICARE VINCOM PLUS UONG BI
A716: 0 | B716: MEDICARE | C716: MEDICARE VINCOM QUANG NGAI
A717: 0 | B717: MEDICARE | C717: MEDICARE VINCOM SOC TRANG
A718: 0 | B718: MEDICARE | C718: MEDICARE VINCOM SON LA
A719: 0 | B719: MEDICARE | C719: MEDICARE VINCOM TAN AN LONG AN
A720: 0 | B720: MEDICARE | C720: MEDICARE VINCOM TAY NINH
A721: 0 | B721: MEDICARE | C721: MEDICARE VINCOM THAI NGUYEN
A722: ME_CH112 | B722: MEDICARE | C722: MEDICARE VINCOM THAO DIEN
A723: 0 | B723: MEDICARE | C723: MEDICARE VINCOM TRA VINH
A724: 0 | B724: MEDICARE | C724: MEDICARE VINCOM TRAN DUY HUNG
A725: 0 | B725: MEDICARE | C725: MEDICARE VINCOM TRAN PHU
A726: 0 | B726: MEDICARE | C726: MEDICARE VINCOM TUY HOA
A727: 0 | B727: MEDICARE | C727: MEDICARE VINCOM TUYEN QUANG
A728: 0 | B728: MEDICARE | C728: MEDICARE VINCOM VIET TRI
A729: 0 | B729: MEDICARE | C729: MEDICARE VINCOM VINH LONG
A730: 0 | B730: MEDICARE | C730: MEDICARE VINCOM XUAN KHANH
A731: 0 | B731: MEDICARE | C731: MEDICARE VINCOM YEN BAI
A732: MG_APHU | B732: MEGA | C732: MEGA AN PHU
A733: MG_BHOA | B733: MEGA | C733: MEGA BIEN HOA
A734: MG_BDUONG | B734: MEGA | C734: MEGA BINH DUONG
A735: MG_BPHU | B735: MEGA | C735: MEGA BINH PHU
A736: MG_BMT | B736: MEGA | C736: MEGA BUON MA THUOT
A737: MG_HLOI | B737: MEGA | C737: MEGA CAN THO
A738: MG_DNANG | B738: MEGA | C738: MEGA DA NANG
A739: MG_HDONG | B739: MEGA | C739: MEGA HA DONG
A740: MG_HLONG | B740: MEGA | C740: MEGA HA LONG
A741: MG_HPHU | B741: MEGA | C741: MEGA HIEP PHU
A742: MG_HMAI | B742: MEGA | C742: MEGA HOANG MAI
A743: MG_HBANG | B743: MEGA | C743: MEGA HONG BANG
... A987: BIGC_GO_GDAU | B987: BIG C | C987: BIG C GO DAU
A988: 0 | B988: THIEU NHI MOI | C988: THIEU NHI MOI COOP LY THUONG KIET
A989: TNM_COOPPVH | B989: THIEU NHI MOI | C989: THIEU NHI MOI COOP PHAN VAN HON
A990: TNM_COOPTB | B990: THIEU NHI MOI | C990: THIEU NHI MOI COOP TAM BINH
A991: 0 | B991: THIEU NHI MOI | C991: THIEU NHI MOI COOP TUY HOA
A992: TNM_CRESMALL | B992: THIEU NHI MOI | C992: THIEU NHI MOI CRESCENT MALL
A993: TNM_VTAU | B993: THIEU NHI MOI | C993: THIEU NHI MOI DIAMON VUNG TAU
A994: TNM_ESTELLA | B994: THIEU NHI MOI | C994: THIEU NHI MOI ESTELLA
A995: TNM_GIGA | B995: THIEU NHI MOI | C995: THIEU NHI MOI GIGA MALL
A996: TNM_THUYKHE | B996: THIEU NHI MOI | C996: THIEU NHI MOI GRAND THUY KHE
A997: TNM_HGOM | B997: THIEU NHI MOI | C997: THIEU NHI MOI HO GUOM
...

Sheet Sheet6
A1: STORE | B1: HỆ THỐNG | C1: MA KH
A2: ACE SU VAN HANH | B2: ACE | C2: ACE_SVH
A3: ACE SONG HANH | B3: ACE | C3: ACE_SH
A4: ACE HOME CELADON | B4: ACE | C4: ACE_CELADON
A5: FOODSMART | B5: FOODSMART | C5: 6442
A6: CTY TNHH THANH NAM THUAN PHAT | B6: KING KONG MART | C6: 6627
A7: BACH HOA BUU DIEN BINH THANH | B7: BACH HOA BUU DIEN | C7: BD_BTHANH
A8: BACH HOA BUU DIEN PHU NHUAN | B8: BACH HOA BUU DIEN | C8: BD_PNHUAN
A9: COOPFOOD WEST | B9: COOP FOOD | C9: COOP_F_WEST
A10: BACH HOA BUU DIEN CU CHI | B10: BACH HOA BUU DIEN | C10: BD_CUCHI
A11: COOPFOOD MIZUKI | B11: COOP FOOD | C11: COOP_F_MIZUKI
A12: COOPFOOD VO NGUYEN GIAP | B12: COOP FOOD | C12: COOP_F_VNGIAP
... A539: HOME MART MY THO | B539: HOMEMART | C539: BIGC_HOME_MYTHO
A540: HOME MART NGUYEN THI THAP | B540: HOMEMART | C540: 0
A541: HOME MART NGUYEN VAN DAU | B541: HOMEMART | C541: 0
A542: HOME MART NGUYEN XIEN | B542: HOMEMART | C542: BIGC_HOME_ECO
A543: J MART | B543: J MART | C543: JM_BVD
A544: K MART AN CAT | B544: K MART | C544: 4932
A545: K MART NGUYET HOA | B545: K MART | C545: 3733
A546: KING FOOD | B546: KING FOOD | C546: 6209
A547: KING FOOD LE VAN SY | B547: KING FOOD | C547: 6209_LVS
A548: KING FOOD TRUONG SON | B548: KING FOOD | C548: 6209_TSON
A549: KING FOOD HUYNH TAN PHAT | B549: KING FOOD | C549: 6209_HTP
A550: KING FOOD PHAM HUNG | B550: KING FOOD | C550: 6209_PH
A551: KOHNAN BINH DUONG | B551: KOHNAN | C551: KOHNAN_BDUONG
A552: KOHNAN BINH TAN | B552: KOHNAN | C552: KOHNAN_BT
A553: KOHNAN HA DONG | B553: KOHNAN | C553: KOHNAN_HDONG
... A639: MEDICARE VINCOM HOA BINH | B639: MEDICARE | C639: ME_CH126
A640: MEDICARE VINCOM HUE | B640: MEDICARE | C640: 0
A641: MEDICARE VINCOM HUNG VUONG | B641: MEDICARE | C641: 0
A642: MEDICARE VINCOM KIEN GIANG | B642: MEDICARE | C642: 0
A643: MEDICARE VINCOM KON TUM | B643: MEDICARE | C643: ME_CH135
A644: MEDICARE VINCOM LANG SON | B644: MEDICARE | C644: ME_CH109
A645: MEDICARE VINCOM LE THANH TON | B645: MEDICARE | C645: 0
A646: MEDICARE VINCOM LE VAN VIET | B646: MEDICARE | C646: ME_CH61
A647: MEDICARE VINCOM LONG XUYEN | B647: MEDICARE | C647: 0
A648: MEDICARE VINCOM LY BON | B648: MEDICARE | C648: 0
A649: MEDICARE VINCOM MONG CAI | B649: MEDICARE | C649: ME_CH125
A650: MEDICARE VINCOM NAM LONG | B650: MEDICARE | C650: ME_CH80
A651: MEDICARE VINCOM NHA TRANG | B651: MEDICARE | C651: ME_CH93
A652: MEDICARE VINCOM NHA TRANG 2 | B652: MEDICARE | C652: ME_CH104
A653: MEDICARE VINCOM PHAN RANG | B653: MEDICARE | C653: ME_CH120
A654: MEDICARE VINCOM PHU LY | B654: MEDICARE | C654: ME_CH110
A655: MEDICARE VINCOM PLAZA BAO LOC | B655: MEDICARE | C655: ME_CH98
A656: MEDICARE VINCOM PLAZA DONG HOI | B656: MEDICARE | C656: ME_CH101
A657: MEDICARE VINCOM PLAZA HA LONG | B657: MEDICARE | C657: ME_CH88
A658: MEDICARE VINCOM PLUS UONG BI | B658: MEDICARE | C658: 0
A659: MEDICARE VINCOM QUANG NGAI | B659: MEDICARE | C659: 0
A660: MEDICARE VINCOM SOC TRANG | B660: MEDICARE | C660: 0
A661: MEDICARE VINCOM SON LA | B661: MEDICARE | C661: 0
A662: MEDICARE VINCOM TAN AN LONG AN | B662: MEDICARE | C662: 0
A663: MEDICARE VINCOM TAY NINH | B663: MEDICARE | C663: 0
A664: MEDICARE VINCOM THAI NGUYEN | B664: MEDICARE | C664: 0
A665: MEDICARE VINCOM THAO DIEN | B665: MEDICARE | C665: ME_CH112
A666: MEDICARE VINCOM TRA VINH | B666: MEDICARE | C666: 0
A667: MEDICARE VINCOM TRAN DUY HUNG | B667: MEDICARE | C667: 0
A668: MEDICARE VINCOM TRAN PHU | B668: MEDICARE | C668: 0
A669: MEDICARE VINCOM TUY HOA | B669: MEDICARE | C669: 0
A670: MEDICARE VINCOM TUYEN QUANG | B670: MEDICARE | C670: 0
A671: MEDICARE VINCOM VIET TRI | B671: MEDICARE | C671: 0
A672: MEDICARE VINCOM VINH LONG | B672: MEDICARE | C672: 0
A673: MEDICARE VINCOM XUAN KHANH | B673: MEDICARE | C673: 0
A674: MEDICARE VINCOM YEN BAI | B674: MEDICARE | C674: 0
A675: MEGA AN PHU | B675: MEGA | C675: MG_APHU
A676: MEGA BIEN HOA | B676: MEGA | C676: MG_BHOA
A677: MEGA BINH DUONG | B677: MEGA | C677: MG_BDUONG
A678: MEGA BINH PHU | B678: MEGA | C678: MG_BPHU
A679: MEGA BUON MA THUOT | B679: MEGA | C679: MG_BMT
A680: MEGA CAN THO | B680: MEGA | C680: MG_HLOI
A681: MEGA DA NANG | B681: MEGA | C681: MG_DNANG
A682: MEGA HA DONG | B682: MEGA | C682: MG_HDONG
A683: MEGA HA LONG | B683: MEGA | C683: MG_HLONG
A684: MEGA HIEP PHU | B684: MEGA | C684: MG_HPHU
A685: MEGA HOANG MAI | B685: MEGA | C685: MG_HMAI
A686: MEGA HONG BANG | B686: MEGA | C686: MG_HBANG
... A928: BIG C GO DAU | B928: BIG C | C928: BIGC_GO_GDAU
A929: THIEU NHI MOI COOP LY THUONG KIET | B929: THIEU NHI MOI | C929: 0
A930: THIEU NHI MOI COOP PHAN VAN HON | B930: THIEU NHI MOI | C930: TNM_COOPPVH
A931: THIEU NHI MOI COOP TAM BINH | B931: THIEU NHI MOI | C931: TNM_COOPTB
A932: THIEU NHI MOI COOP TUY HOA | B932: THIEU NHI MOI | C932: 0
A933: THIEU NHI MOI CRESCENT MALL | B933: THIEU NHI MOI | C933: TNM_CRESMALL
A934: THIEU NHI MOI DIAMON VUNG TAU | B934: THIEU NHI MOI | C934: TNM_VTAU
A935: THIEU NHI MOI ESTELLA | B935: THIEU NHI MOI | C935: TNM_ESTELLA
A936: THIEU NHI MOI GIGA MALL | B936: THIEU NHI MOI | C936: TNM_GIGA
A937: THIEU NHI MOI GRAND THUY KHE | B937: THIEU NHI MOI | C937: TNM_THUYKHE
A938: THIEU NHI MOI HO GUOM | B938: THIEU NHI MOI | C938: TNM_HGOM
A939: THIEU NHI MOI IPH HA NOI | B939: THIEU NHI MOI | C939: TNM_IPH
A940: THIEU NHI MOI KIM CENTER GIA LAI | B940: THIEU NHI MOI | C940: 0
A941: THIEU NHI MOI LANDMARK 81 | B941: THIEU NHI MOI | C941: TNM_LAND81
A942: THIEU NHI MOI LION MALL XUAN DIEU | B942: THIEU NHI MOI | C942: TNM_XDIEU
A943: THIEU NHI MOI LOTTE CAN THO | B943: THIEU NHI MOI | C943: TNM_LOTTECT
A944: THIEU NHI MOI LOTTE CONG HOA | B944: THIEU NHI MOI | C944: 0
A945: THIEU NHI MOI MIPEC HA NOI | B945: THIEU NHI MOI | C945: TNM_MIPECHN
A946: THIEU NHI MOI MY THO | B946: THIEU NHI MOI | C946: 0
A947: THIEU NHI MOI NOWZONE | B947: THIEU NHI MOI | C947: TNM_NOWZONE
A948: THIEU NHI MOI PANDORA TAN BINH | B948: THIEU NHI MOI | C948: TNM_PANDORA
A949: THIEU NHI MOI PARKSON TAN BINH | B949: THIEU NHI MOI | C949: TNM_PARKSON
A950: THIEU NHI MOI SAI GON CENTER | B950: THIEU NHI MOI | C950: TNM_CENTERLL
A951: THIEU NHI MOI SATRA CU CHI | B951: THIEU NHI MOI | C951: 0
A952: THIEU NHI MOI SATRA PHAM HUNG | B952: THIEU NHI MOI | C952: TNM_SATRAPH
...

Sheet SALE BY STORE
A1: STORE | B1: HỆ THỐNG | C1: MA KH | D1: KA | E1: SUP | F1: SALE | G1: PG | H1: TOTAL TARGET | I1: % | J1: SALE IN | K1: COLEMAN | L1: % | M1: THỰC ĐẠT | N1: FUJITSU | O1: % | P1: THỰC ĐẠT | Q1: BAKING SODA | R1: % | S1: THỰC ĐẠT | T1: AZARINE | U1: % | V1: THỰC ĐẠT
A2: 1 | B2: 2 | C2: 3 | D2: 4 | E2: 5 | F2: 6 | G2: 7 | H2: 8 | I2: 9 | J2: 10 | K2: 11 | L2: 12 | M2: 13 | N2: 14 | O2: 15 | P2: 16 | Q2: 17 | R2: 18 | S2: 19 | T2: 20 | U2: 21 | V2: 22
A3: COOPFOOD PHAM VAN CHIEU | B3: COOP FOOD | C3: =VLOOKUP(A3,CUSTOMER!$A:$C,3,0) -> COOP_F_PVC2 | D3: KA HCM1 | E3: =VLOOKUP(A3,CUSTOMER!$A$2:$H$1094,5,0) -> VAVANCY-VU MINH TUAN | F3: =VLOOKUP(A3,CUSTOMER!$A$2:$I$1094,6,0) -> "NO SALE" | G3: "NO PG" | H3: =SUM(K3,N3,Q3,T3) -> 1244767.1 | I3: =IFERROR(J3/H3,"") -> 0 | J3: =SUM(M3,P3,S3,V3) -> 0 | M3: =SUMIFS(DATA!$L:$L,DATA!$O:$O,$B3,DATA!$N:$N,$A3,DATA!$M:$M,'SALES BY SYSTEM'!$O$1) -> 0 | N3: 0 | O3: =IFERROR(P3/N3,"") | P3: =SUMIFS(DATA!$L:$L,DATA!$O:$O,$B3,DATA!$N:$N,$A3,DATA!$M:$M,'SALES BY SYSTEM'!$O$2) -> 0 | Q3: 1244767.1 | R3: =IFERROR(S3/Q3,"") -> 0 | S3: =SUMIFS(DATA!$L:$L,DATA!$O:$O,$B3,DATA!$N:$N,$A3,DATA!$M:$M,'SALES BY SYSTEM'!$O$4) -> 0 | T3: 0 | U3: =IFERROR(V3/T3,"") | V3: =SUMIFS(DATA!$L:$L,DATA!$O:$O,$B3,DATA!$N:$N,$A3,DATA!$M:$M,'SALES BY SYSTEM'!$O$3) -> 0
A4: COOPFOOD PHONG PHU | B4: COOP FOOD | C4: =VLOOKUP(A4,CUSTOMER!$A:$C,3,0) -> COOP_F_PPHU88 | D4: KA HCM1 | E4: =VLOOKUP(A4,CUSTOMER!$A$2:$H$1094,5,0) -> VAVANCY-VU MINH TUAN | F4: =VLOOKUP(A4,CUSTOMER!$A$2:$I$1094,6,0) -> NO SALE | G4: =VLOOKUP(A4,CUSTOMER!$A$1:$J$1160,7,0) -> "NO PG" | H4: =SUM(K4,N4,Q4,T4) -> 1244767.1 | I4: =IFERROR(J4/H4,"") -> 0 | J4: =SUM(M4,P4,S4,V4) -> 0 | K4: 0 | L4: =IFERROR(M4/K4,"") | M4: =SUMIFS(DATA!$L:$L,DATA!$O:$O,$B4,DATA!$N:$N,$A4,DATA!$M:$M,'SALES BY SYSTEM'!$O$1) -> 0 | N4: 0 | O4: =IFERROR(P4/N4,"") | P4: =SUMIFS(DATA!$L:$L,DATA!$O:$O,$B4,DATA!$N:$N,$A4,DATA!$M:$M,'SALES BY SYSTEM'!$O$2) -> 0 | Q4: 1244767.1 | R4: =IFERROR(S4/Q4,"") -> 0 | S4: =SUMIFS(DATA!$L:$L,DATA!$O:$O,$B4,DATA!$N:$N,$A4,DATA!$M:$M,'SALES BY SYSTEM'!$O$4) -> 0 | T4: 0 | U4: =IFERROR(V4/T4,"") | V4: =SUMIFS(DATA!$L:$L,DATA!$O:$O,$B4,DATA!$N:$N,$A4,DATA!$M:$M,'SALES BY SYSTEM'!$O$3) -> 0
A5: VINMART BINH DUONG | B5: VINMART | C5: =VLOOKUP(A5,CUSTOMER!$A:$C,3,0) -> VIN_BDUONG | D5: KA HCM1 | E5: =VLOOKUP(A5,CUSTOMER!$A$2:$H$1094,5,0) -> TRAN THI THAO NGUYEN | F5: =VLOOKUP(A5,CUSTOMER!$A$2:$I$1094,6,0) -> "NO SALE" | G5: "NO PG" | H5: =SUM(K5,N5,Q5,T5) -> 4.7757909e+08 | I5: =IFERROR(J5/H5,"") -> 0 | J5: =SUM(M5,P5,S5,V5) -> 0 | K5: 0 | L5: =IFERROR(M5/K5,"") | M5: =SUMIFS(DATA!$L:$L,DATA!$O:$O,$B5,DATA!$N:$N,$A5,DATA!$M:$M,'SALES BY SYSTEM'!$O$1) -> 0 | N5: 1.8285541e+08 | O5: =IFERROR(P5/N5,"") -> 0 | P5: =SUMIFS(DATA!$L:$L,DATA!$O:$O,$B5,DATA!$N:$N,$A5,DATA!$M:$M,'SALES BY SYSTEM'!$O$2) -> 0 | Q5: 2.9472368e+08 | R5: =IFERROR(S5/Q5,"") -> 0 | S5: =SUMIFS(DATA!$L:$L,DATA!$O:$O,$B5,DATA!$N:$N,$A5,DATA!$M:$M,'SALES BY SYSTEM'!$O$4) -> 0 | T5: 0 | U5: =IFERROR(V5/T5,"") | V5: =SUMIFS(DATA!$L:$L,DATA!$O:$O,$B5,DATA!$N:$N,$A5,DATA!$M:$M,'SALES BY SYSTEM'!$O$3) -> 0
A6: VINMART+ KHO BINH DUONG | B6: VINMART | C6: =VLOOKUP(A6,CUSTOMER!$A:$C,3,0) -> VIN_KHO_BDUONG+ | D6: KA HCM1 | E6: =VLOOKUP(A6,CUSTOMER!$A$2:$H$1094,5,0) -> #N/A | F6: =VLOOKUP(A6,CUSTOMER!$A$2:$I$1094,6,0) -> #N/A | G6: "NO PG" | H6: =SUM(K6,N6,Q6,T6) -> 1.9325943e+08 | I6: =IFERROR(J6/H6,"") -> 0 | J6: =SUM(M6,P6,S6,V6) -> 0 | K6: 0 | L6: =IFERROR(M6/K6,"") | M6: =SUMIFS(DATA!$L:$L,DATA!$O:$O,$B6,DATA!$N:$N,$A6,DATA!$M:$M,'SALES BY SYSTEM'!$O$1) -> 0 | N6: 73982130 | O6: =IFERROR(P6/N6,"") -> 0 | P6: =SUMIFS(DATA!$L:$L,DATA!$O:$O,$B6,DATA!$N:$N,$A6,DATA!$M:$M,'SALES BY SYSTEM'!$O$2) -> 0 | Q6: 1.192773e+08 | R6: =IFERROR(S6/Q6,"") -> 0 | S6: =SUMIFS(DATA!$L:$L,DATA!$O:$O,$B6,DATA!$N:$N,$A6,DATA!$M:$M,'SALES BY SYSTEM'!$O$4) -> 0 | T6: 0 | U6: =IFERROR(V6/T6,"") | V6: =SUMIFS(DATA!$L:$L,DATA!$O:$O,$B6,DATA!$N:$N,$A6,DATA!$M:$M,'SALES BY SYSTEM'!$O$3) -> 0
A7: VINMART+ ĐÀ NẴNG(1127/171) | B7: VINMART | C7: =VLOOKUP(A7,CUSTOMER!$A:$C,3,0) -> VIN+DNANG | D7: KA HCM1 | E7: =VLOOKUP(A7,CUSTOMER!$A$2:$H$1094,5,0) -> #N/A | F7: =VLOOKUP(A7,CUSTOMER!$A$2:$I$1094,6,0) -> #N/A | G7: "NO PG" | H7: =SUM(K7,N7,Q7,T7) -> 1.4558309e+08 | I7: =IFERROR(J7/H7,"") -> 0 | J7: =SUM(M7,P7,S7,V7) -> 0 | K7: 0 | L7: =IFERROR(M7/K7,"") | M7: =SUMIFS(DATA!$L:$L,DATA!$O:$O,$B7,DATA!$N:$N,$A7,DATA!$M:$M,'SALES BY SYSTEM'!$O$1) -> 0 | N7: 55731032 | O7: =IFERROR(P7/N7,"") -> 0 | P7: =SUMIFS(DATA!$L:$L,DATA!$O:$O,$B7,DATA!$N:$N,$A7,DATA!$M:$M,'SALES BY SYSTEM'!$O$2) -> 0 | Q7: 89852060 | R7: =IFERROR(S7/Q7,"") -> 0 | S7: =SUMIFS(DATA!$L:$L,DATA!$O:$O,$B7,DATA!$N:$N,$A7,DATA!$M:$M,'SALES BY SYSTEM'!$O$4) -> 0 | T7: 0 | U7: =IFERROR(V7/T7,"") | V7: =SUMIFS(DATA!$L:$L,DATA!$O:$O,$B7,DATA!$N:$N,$A7,DATA!$M:$M,'SALES BY SYSTEM'!$O$3) -> 0
A8: LONG CHAU HA NOI | B8: LONG CHAU | C8: =VLOOKUP(A8,CUSTOMER!$A:$C,3,0) -> LC_HN | D8: KA HCM1 | E8: =VLOOKUP(A8,CUSTOMER!$A$2:$H$1094,5,0) -> TRAN THI THAO NGUYEN | F8: =VLOOKUP(A8,CUSTOMER!$A$2:$I$1094,6,0) -> "NO SALE" | G8: "NO PG" | H8: =SUM(K8,N8,Q8,T8) -> 2.5512714e+08 | I8: =IFERROR(J8/H8,"") -> 0 | J8: =SUM(M8,P8,S8,V8) -> 0 | K8: 0 | L8: =IFERROR(M8/K8,"") | M8: =SUMIFS(DATA!$L:$L,DATA!$O:$O,$B8,DATA!$N:$N,$A8,DATA!$M:$M,'SALES BY SYSTEM'!$O$1) -> 0 | N8: 43516721 | O8: =IFERROR(P8/N8,"") -> 0 | P8: =SUMIFS(DATA!$L:$L,DATA!$O:$O,$B8,DATA!$N:$N,$A8,DATA!$M:$M,'SALES BY SYSTEM'!$O$2) -> 0 | Q8: 2.1161041e+08 | R8: =IFERROR(S8/Q8,"") -> 0 | S8: =SUMIFS(DATA!$L:$L,DATA!$O:$O,$B8,DATA!$N:$N,$A8,DATA!$M:$M,'SALES BY SYSTEM'!$O$4) -> 0 | T8: 0 | U8: =IFERROR(V8/T8,"") | V8: =SUMIFS(DATA!$L:$L,DATA!$O:$O,$B8,DATA!$N:$N,$A8,DATA!$M:$M,'SALES BY SYSTEM'!$O$3) -> 0
A9: LONG CHAU HCM | B9: LONG CHAU | C9: =VLOOKUP(A9,CUSTOMER!$A:$C,3,0) -> LC_HCM | D9: KA HCM1 | E9: =VLOOKUP(A9,CUSTOMER!$A$2:$H$1094,5,0) -> TRAN THI THAO NGUYEN | F9: VACANCY | G9: "NO PG" | H9: =SUM(K9,N9,Q9,T9) -> 2.5512714e+08 | I9: =IFERROR(J9/H9,"") -> 0 | J9: =SUM(M9,P9,S9,V9) -> 0 | K9: 0 | L9: =IFERROR(M9/K9,"") | M9: =SUMIFS(DATA!$L:$L,DATA!$O:$O,$B9,DATA!$N:$N,$A9,DATA!$M:$M,'SALES BY SYSTEM'!$O$1) -> 0 | N9: 43516721 | O9: =IFERROR(P9/N9,"") -> 0 | P9: =SUMIFS(DATA!$L:$L,DATA!$O:$O,$B9,DATA!$N:$N,$A9,DATA!$M:$M,'SALES BY SYSTEM'!$O$2) -> 0 | Q9: 2.1161041e+08 | R9: =IFERROR(S9/Q9,"") -> 0 | S9: =SUMIFS(DATA!$L:$L,DATA!$O:$O,$B9,DATA!$N:$N,$A9,DATA!$M:$M,'SALES BY SYSTEM'!$O$4) -> 0 | T9: 0 | U9: =IFERROR(V9/T9,"") | V9: =SUMIFS(DATA!$L:$L,DATA!$O:$O,$B9,DATA!$N:$N,$A9,DATA!$M:$M,'SALES BY SYSTEM'!$O$3) -> 0
A10: CÔNG TY TNHH THISO RETAIL | B10: EMART | C10: =VLOOKUP(A10,CUSTOMER!$A:$C,3,0) -> 4812_THISO | D10: KA HCM1 | E10: =VLOOKUP(A10,CUSTOMER!$A$2:$H$1094,5,0) -> LE NAM PHUONG | F10: =VLOOKUP(A10,CUSTOMER!$A$2:$I$1094,6,0) -> VU THUY MINH THAO | G10: "NO PG" | H10: =SUM(K10,N10,Q10,T10) -> 43516721 | I10: =IFERROR(J10/H10,"") -> 0 | J10: =SUM(M10,P10,S10,V10) -> 0 | K10: 0 | L10: =IFERROR(M10/K10,"") | M10: =SUMIFS(DATA!$L:$L,DATA!$O:$O,$B10,DATA!$N:$N,$A10,DATA!$M:$M,'SALES BY SYSTEM'!$O$1) -> 0 | N10: 43516721 | O10: =IFERROR(P10/N10,"") -> 0 | P10: =SUMIFS(DATA!$L:$L,DATA!$O:$O,$B10,DATA!$N:$N,$A10,DATA!$M:$M,'SALES BY SYSTEM'!$O$2) -> 0 | Q10: 0 | R10: =IFERROR(S10/Q10,"") | S10: =SUMIFS(DATA!$L:$L,DATA!$O:$O,$B10,DATA!$N:$N,$A10,DATA!$M:$M,'SALES BY SYSTEM'!$O$4) -> 0 | T10: 0 | U10: =IFERROR(V10/T10,"") | V10: =SUMIFS(DATA!$L:$L,DATA!$O:$O,$B10,DATA!$N:$N,$A10,DATA!$M:$M,'SALES BY SYSTEM'!$O$3) -> 0
A11: VINMART+ KHO DA NANG | B11: VINMART | C11: =VLOOKUP(A11,CUSTOMER!$A:$C,3,0) -> VIN_KHO_DNANG+ | D11: KA HCM1 | E11: =VLOOKUP(A11,CUSTOMER!$A$2:$H$1094,5,0) -> #N/A | F11: =VLOOKUP(A11,CUSTOMER!$A$2:$I$1094,6,0) -> #N/A | G11: "NO PG" | H11: =SUM(K11,N11,Q11,T11) -> 1.0556903e+08 | I11: =IFERROR(J11/H11,"") -> 0 | J11: =SUM(M11,P11,S11,V11) -> 0 | K11: 0 | L11: =IFERROR(M11/K11,"") | M11: =SUMIFS(DATA!$L:$L,DATA!$O:$O,$B11,DATA!$N:$N,$A11,DATA!$M:$M,'SALES BY SYSTEM'!$O$1) -> 0 | N11: 40413146 | O11: =IFERROR(P11/N11,"") -> 0 | P11: =SUMIFS(DATA!$L:$L,DATA!$O:$O,$B11,DATA!$N:$N,$A11,DATA!$M:$M,'SALES BY SYSTEM'!$O$2) -> 0 | Q11: 65155879 | R11: =IFERROR(S11/Q11,"") -> 0 | S11: =SUMIFS(DATA!$L:$L,DATA!$O:$O,$B11,DATA!$N:$N,$A11,DATA!$M:$M,'SALES BY SYSTEM'!$O$4) -> 0 | T11: 0 | U11: =IFERROR(V11/T11,"") | V11: =SUMIFS(DATA!$L:$L,DATA!$O:$O,$B11,DATA!$N:$N,$A11,DATA!$M:$M,'SALES BY SYSTEM'!$O$3) -> 0
A12: EMART PHAN HUY ICH | B12: EMART | C12: =VLOOKUP(A12,CUSTOMER!$A:$C,3,0) -> 4812_PHI | D12: KA HCM1 | E12: =VLOOKUP(A12,CUSTOMER!$A$2:$H$1094,5,0) -> LE NAM PHUONG | F12: =VLOOKUP(A12,CUSTOMER!$A$2:$I$1094,6,0) -> VU THUY MINH THAO | G12: "NO PG" | H12: =SUM(K12,N12,Q12,T12) -> 21758361 | I12: =IFERROR(J12/H12,"") -> 0 | J12: =SUM(M12,P12,S12,V12) -> 0 | K12: 0 | L12: =IFERROR(M12/K16,"") | M12: =SUMIFS(DATA!$L:$L,DATA!$O:$O,$B12,DATA!$N:$N,$A12,DATA!$M:$M,'SALES BY SYSTEM'!$O$1) -> 0 | N12: 21758361 | O12: =IFERROR(P12/N12,"") -> 0 | P12: =SUMIFS(DATA!$L:$L,DATA!$O:$O,$B12,DATA!$N:$N,$A12,DATA!$M:$M,'SALES BY SYSTEM'!$O$2) -> 0 | Q12: 0 | R12: =IFERROR(S12/Q12,"") | S12: =SUMIFS(DATA!$L:$L,DATA!$O:$O,$B12,DATA!$N:$N,$A12,DATA!$M:$M,'SALES BY SYSTEM'!$O$4) -> 0 | T12: 0 | U12: =IFERROR(V12/T12,"") | V12: =SUMIFS(DATA!$L:$L,DATA!$O:$O,$B12,DATA!$N:$N,$A12,DATA!$M:$M,'SALES BY SYSTEM'!$O$3) -> 0
A13: VINMART+ ĐỒNG NAI(2572/60) | B13: VINMART | C13: =VLOOKUP(A13,CUSTOMER!$A:$C,3,0) -> VIN+DNAI | D13: KA HCM1 | E13: =VLOOKUP(A13,CUSTOMER!$A$2:$H$1094,5,0) -> #N/A | F13: =VLOOKUP(A13,CUSTOMER!$A$2:$I$1094,6,0) -> #N/A | G13: "NO PG" | H13: =SUM(K13,N13,Q13,T13) -> 51081786 | I13: =IFERROR(J13/H13,"") -> 0 | J13: =SUM(M13,P13,S13,V13) -> 0 | K13: 0 | L13: =IFERROR(M13/K13,"") | M13: =SUMIFS(DATA!$L:$L,DATA!$O:$O,$B13,DATA!$N:$N,$A13,DATA!$M:$M,'SALES BY SYSTEM'!$O$1) -> 0 | N13: 19554748 | O13: =IFERROR(P13/N13,"") -> 0 | P13: =SUMIFS(DATA!$L:$L,DATA!$O:$O,$B13,DATA!$N:$N,$A13,DATA!$M:$M,'SALES BY SYSTEM'!$O$2) -> 0 | Q13: 31527038 | R13: =IFERROR(S13/Q13,"") -> 0 | S13: =SUMIFS(DATA!$L:$L,DATA!$O:$O,$B13,DATA!$N:$N,$A13,DATA!$M:$M,'SALES BY SYSTEM'!$O$4) -> 0 | T13: 0 | U13: =IFERROR(V13/T13,"") | V13: =SUMIFS(DATA!$L:$L,DATA!$O:$O,$B13,DATA!$N:$N,$A13,DATA!$M:$M,'SALES BY SYSTEM'!$O$3) -> 0
A14: COOP CHEERS | B14: COOP CHEERS | C14: =VLOOKUP(A14,CUSTOMER!$A:$C,3,0) -> COOP_CHEER | D14: KA HCM1 | E14: =VLOOKUP(A14,CUSTOMER!$A$2:$H$1094,5,0) -> VAVANCY-VU MINH TUAN | F14: =VLOOKUP(A14,CUSTOMER!$A$2:$I$1094,6,0) -> "NO SALE" | G14: "NO PG" | H14: =SUM(K14,N14,Q14,T14) -> 13055016 | I14: =IFERROR(J14/H14,"") -> 0 | J14: =SUM(M14,P14,S14,V14) -> 0 | K14: 0 | L14: =IFERROR(M14/K14,"") | M14: =SUMIFS(DATA!$L:$L,DATA!$O:$O,$B14,DATA!$N:$N,$A14,DATA!$M:$M,'SALES BY SYSTEM'!$O$1) -> 0 | N14: 13055016 | O14: =IFERROR(P14/N14,"") -> 0 | P14: =SUMIFS(DATA!$L:$L,DATA!$O:$O,$B14,DATA!$N:$N,$A14,DATA!$M:$M,'SALES BY SYSTEM'!$O$2) -> 0 | Q14: 0 | R14: =IFERROR(S14/Q14,"") | S14: =SUMIFS(DATA!$L:$L,DATA!$O:$O,$B14,DATA!$N:$N,$A14,DATA!$M:$M,'SALES BY SYSTEM'!$O$4) -> 0 | T14: 0 | U14: =IFERROR(V14/T14,"") | V14: =SUMIFS(DATA!$L:$L,DATA!$O:$O,$B14,DATA!$N:$N,$A14,DATA!$M:$M,'SALES BY SYSTEM'!$O$3) -> 0
A15: VINMART+ CẦNTHƠ(2572/46) | B15: VINMART | C15: =VLOOKUP(A15,CUSTOMER!$A:$C,3,0) -> VIN+CTHO | D15: KA HCM1 | E15: =VLOOKUP(A15,CUSTOMER!$A$2:$H$1094,5,0) -> #N/A | F15: =VLOOKUP(A15,CUSTOMER!$A$2:$I$1094,6,0) -> #N/A | G15: "NO PG" | H15: =SUM(K15,N15,Q15,T15) -> 31054551 | I15: =IFERROR(J15/H15,"") -> 0 | J15: =SUM(M15,P15,S15,V15) -> 0 | K15: 0 | L15: =IFERROR(M15/K15,"") | M15: =SUMIFS(DATA!$L:$L,DATA!$O:$O,$B15,DATA!$N:$N,$A15,DATA!$M:$M,'SALES BY SYSTEM'!$O$1) -> 0 | N15: 12166989 | O15: =IFERROR(P15/N15,"") -> 0 | P15: =SUMIFS(DATA!$L:$L,DATA!$O:$O,$B15,DATA!$N:$N,$A15,DATA!$M:$M,'SALES BY SYSTEM'!$O$2) -> 0 | Q15: 18887562 | R15: =IFERROR(S15/Q15,"") -> 0 | S15: =SUMIFS(DATA!$L:$L,DATA!$O:$O,$B15,DATA!$N:$N,$A15,DATA!$M:$M,'SALES BY SYSTEM'!$O$4) -> 0 | T15: 0 | U15: =IFERROR(V15/T15,"") | V15: =SUMIFS(DATA!$L:$L,DATA!$O:$O,$B15,DATA!$N:$N,$A15,DATA!$M:$M,'SALES BY SYSTEM'!$O$3) -> 0
A16: VINMART+ NHA TRANG(2572/26) | B16: VINMART | C16: =VLOOKUP(A16,CUSTOMER!$A:$C,3,0) -> VIN+NTRANG | D16: KA HCM1 | E16: =VLOOKUP(A16,CUSTOMER!$A$2:$H$1094,5,0) -> #N/A | F16: =VLOOKUP(A16,CUSTOMER!$A$2:$I$1094,6,0) -> #N/A | G16: "NO PG" | H16: =SUM(K16,N16,Q16,T16) -> 22135441 | I16: =IFERROR(J16/H16,"") -> 0 | J16: =SUM(M16,P16,S16,V16) -> 0 | K16: 0 | L16: =IFERROR(M16/K16,"") | M16: =SUMIFS(DATA!$L:$L,DATA!$O:$O,$B16,DATA!$N:$N,$A16,DATA!$M:$M,'SALES BY SYSTEM'!$O$1) -> 0 | N16: 8473724.1 | O16: =IFERROR(P16/N16,"") -> 0 | P16: =SUMIFS(DATA!$L:$L,DATA!$O:$O,$B16,DATA!$N:$N,$A16,DATA!$M:$M,'SALES BY SYSTEM'!$O$2) -> 0 | Q16: 13661717 | R16: =IFERROR(S16/Q16,"") -> 0 | S16: =SUMIFS(DATA!$L:$L,DATA!$O:$O,$B16,DATA!$N:$N,$A16,DATA!$M:$M,'SALES BY SYSTEM'!$O$4) -> 0 | T16: 0 | U16: =IFERROR(V16/T16,"") | V16: =SUMIFS(DATA!$L:$L,DATA!$O:$O,$B16,DATA!$N:$N,$A16,DATA!$M:$M,'SALES BY SYSTEM'!$O$3) -> 0
A17: ACE SONG HANH | B17: ACE | C17: =VLOOKUP(A17,CUSTOMER!$A:$C,3,0) -> ACE_SH | D17: KA HCM1 | E17: =VLOOKUP(A17,CUSTOMER!$A$2:$H$1094,5,0) -> LE NAM PHUONG | F17: =VLOOKUP(A17,CUSTOMER!$A$2:$I$1094,6,0) -> VU THUY MINH THAO | G17: "NO PG" | H17: =SUM(K17,N17,Q17,T17) -> 23842702 | I17: =IFERROR(J17/H17,"") -> 0 | J17: =SUM(M17,P17,S17,V17) -> 0 | K17: 17315194 | L17: =IFERROR(M17/K17,"") -> 0 | M17: =SUMIFS(DATA!$L:$L,DATA!$O:$O,$B17,DATA!$N:$N,$A17,DATA!$M:$M,'SALES BY SYSTEM'!$O$1) -> 0 | N17: 6527508.2 | O17: =IFERROR(P17/N17,"") -> 0 | P17: =SUMIFS(DATA!$L:$L,DATA!$O:$O,$B17,DATA!$N:$N,$A17,DATA!$M:$M,'SALES BY SYSTEM'!$O$2) -> 0 | Q17: 0 | R17: =IFERROR(S17/Q17,"") | S17: =SUMIFS(DATA!$L:$L,DATA!$O:$O,$B17,DATA!$N:$N,$A17,DATA!$M:$M,'SALES BY SYSTEM'!$O$4) -> 0 | T17: 0 | U17: =IFERROR(V17/T17,"") | V17: =SUMIFS(DATA!$L:$L,DATA!$O:$O,$B17,DATA!$N:$N,$A17,DATA!$M:$M,'SALES BY SYSTEM'!$O$3) -> 0
A18: ACE SU VAN HANH | B18: ACE | C18: =VLOOKUP(A18,CUSTOMER!$A:$C,3,0) -> ACE_SVH | D18: KA HCM1 | E18: =VLOOKUP(A18,CUSTOMER!$A$2:$H$1094,5,0) -> LE NAM PHUONG | F18: =VLOOKUP(A18,CUSTOMER!$A$2:$I$1094,6,0) -> VU THUY MINH THAO | G18: "NO PG" | H18: =SUM(K18,N18,Q18,T18) -> 22418821 | I18: =IFERROR(J18/H18,"") -> 0 | J18: =SUM(M18,P18,S18,V18) -> 0 | K18: 15891312 | L18: =IFERROR(M18/K18,"") -> 0 | M18: =SUMIFS(DATA!$L:$L,DATA!$O:$O,$B18,DATA!$N:$N,$A18,DATA!$M:$M,'SALES BY SYSTEM'!$O$1) -> 0 | N18: 6527508.2 | O18: =IFERROR(P18/N18,"") -> 0 | P18: =SUMIFS(DATA!$L:$L,DATA!$O:$O,$B18,DATA!$N:$N,$A18,DATA!$M:$M,'SALES BY SYSTEM'!$O$2) -> 0 | Q18: 0 | R18: =IFERROR(S18/Q18,"") | S18: =SUMIFS(DATA!$L:$L,DATA!$O:$O,$B18,DATA!$N:$N,$A18,DATA!$M:$M,'SALES BY SYSTEM'!$O$4) -> 0 | T18: 0 | U18: =IFERROR(V18/T18,"") | V18: =SUMIFS(DATA!$L:$L,DATA!$O:$O,$B18,DATA!$N:$N,$A18,DATA!$M:$M,'SALES BY SYSTEM'!$O$3) -> 0
A19: COOP EXTRA LINH TRUNG | B19: COOP EXTRA | C19: =VLOOKUP(A19,CUSTOMER!$A:$C,3,0) -> COOP_LTRUNG | D19: KA HCM1 | E19: =VLOOKUP(A19,CUSTOMER!$A$2:$H$1094,5,0) -> VAVANCY-VU MINH TUAN | F19: =VLOOKUP(A19,CUSTOMER!$A$2:$I$1094,6,0) -> TRAN THI THANH TRUC | G19: "NO PG" | H19: =SUM(K19,N19,Q19,T19) -> 18602752 | I19: =IFERROR(J19/H19,"") -> 0 | J19: =SUM(M19,P19,S19,V19) -> 0 | K19: 0 | L19: =IFERROR(M19/K19,"") | M19: =SUMIFS(DATA!$L:$L,DATA!$O:$O,$B19,DATA!$N:$N,$A19,DATA!$M:$M,'SALES BY SYSTEM'!$O$1) -> 0 | N19: 5657173.8 | O19: =IFERROR(P19/N19,"") -> 0 | P19: =SUMIFS(DATA!$L:$L,DATA!$O:$O,$B19,DATA!$N:$N,$A19,DATA!$M:$M,'SALES BY SYSTEM'!$O$2) -> 0 | Q19: 12945578 | R19: =IFERROR(S19/Q19,"") -> 0 | S19: =SUMIFS(DATA!$L:$L,DATA!$O:$O,$B19,DATA!$N:$N,$A19,DATA!$M:$M,'SALES BY SYSTEM'!$O$4) -> 0 | T19: 0 | U19: =IFERROR(V19/T19,"") | V19: =SUMIFS(DATA!$L:$L,DATA!$O:$O,$B19,DATA!$N:$N,$A19,DATA!$M:$M,'SALES BY SYSTEM'!$O$3) -> 0
A20: COOP EXTRA PHAM VAN DONG | B20: COOP EXTRA | C20: =VLOOKUP(A20,CUSTOMER!$A:$C,3,0) -> COOP_PVD | D20: KA HCM1 | E20: =VLOOKUP(A20,CUSTOMER!$A$2:$H$1094,5,0) -> VAVANCY-VU MINH TUAN | F20: =VLOOKUP(A20,CUSTOMER!$A$2:$I$1094,6,0) -> TRAN THI THANH TRUC | G20: "NO PG" | H20: =SUM(K20,N20,Q20,T20) -> 18602752 | I20: =IFERROR(J20/H20,"") -> 0 | J20: =SUM(M20,P20,S20,V20) -> 0 | K20: 0 | L20: =IFERROR(M20/K20,"") | M20: =SUMIFS(DATA!$L:$L,DATA!$O:$O,$B20,DATA!$N:$N,$A20,DATA!$M:$M,'SALES BY SYSTEM'!$O$1) -> 0 | N20: 5657173.8 | O20: =IFERROR(P20/N20,"") -> 0 | P20: =SUMIFS(DATA!$L:$L,DATA!$O:$O,$B20,DATA!$N:$N,$A20,DATA!$M:$M,'SALES BY SYSTEM'!$O$2) -> 0 | Q20: 12945578 | R20: =IFERROR(S20/Q20,"") -> 0 | S20: =SUMIFS(DATA!$L:$L,DATA!$O:$O,$B20,DATA!$N:$N,$A20,DATA!$M:$M,'SALES BY SYSTEM'!$O$4) -> 0 | T20: 0 | U20: =IFERROR(V20/T20,"") | V20: =SUMIFS(DATA!$L:$L,DATA!$O:$O,$B20,DATA!$N:$N,$A20,DATA!$M:$M,'SALES BY SYSTEM'!$O$3) -> 0
A21: COOP EXTRA SU VAN HANH | B21: COOP EXTRA | C21: =VLOOKUP(A21,CUSTOMER!$A:$C,3,0) -> COOP_SVH | D21: KA HCM1 | E21: =VLOOKUP(A21,CUSTOMER!$A$2:$H$1094,5,0) -> VAVANCY-VU MINH TUAN | F21: =VLOOKUP(A21,CUSTOMER!$A$2:$I$1094,6,0) -> TRAN THI THANH TRUC | G21: "NO PG" | H21: =SUM(K21,N21,Q21,T21) -> 18602752 | I21: =IFERROR(J21/H21,"") -> 0 | J21: =SUM(M21,P21,S21,V21) -> 0 | K21: 0 | L21: =IFERROR(M21/K21,"") | M21: =SUMIFS(DATA!$L:$L,DATA!$O:$O,$B21,DATA!$N:$N,$A21,DATA!$M:$M,'SALES BY SYSTEM'!$O$1) -> 0 | N21: 5657173.8 | O21: =IFERROR(P21/N21,"") -> 0 | P21: =SUMIFS(DATA!$L:$L,DATA!$O:$O,$B21,DATA!$N:$N,$A21,DATA!$M:$M,'SALES BY SYSTEM'!$O$2) -> 0 | Q21: 12945578 | R21: =IFERROR(S21/Q21,"") -> 0 | S21: =SUMIFS(DATA!$L:$L,DATA!$O:$O,$B21,DATA!$N:$N,$A21,DATA!$M:$M,'SALES BY SYSTEM'!$O$4) -> 0 | T21: 0 | U21: =IFERROR(V21/T21,"") | V21: =SUMIFS(DATA!$L:$L,DATA!$O:$O,$B21,DATA!$N:$N,$A21,DATA!$M:$M,'SALES BY SYSTEM'!$O$3) -> 0
A22: COOP EXTRA TAN PHONG | B22: COOP EXTRA | C22: =VLOOKUP(A22,CUSTOMER!$A:$C,3,0) -> COOP_TPHONG | D22: KA HCM1 | E22: =VLOOKUP(A22,CUSTOMER!$A$2:$H$1094,5,0) -> VAVANCY-VU MINH TUAN | F22: =VLOOKUP(A22,CUSTOMER!$A$2:$I$1094,6,0) -> TRAN THI THANH TRUC | G22: "NO PG" | H22: =SUM(K22,N22,Q22,T22) -> 18602752 | I22: =IFERROR(J22/H22,"") -> 0 | J22: =SUM(M22,P22,S22,V22) -> 0 | K22: 0 | L22: =IFERROR(M22/K22,"") | M22: =SUMIFS(DATA!$L:$L,DATA!$O:$O,$B22,DATA!$N:$N,$A22,DATA!$M:$M,'SALES BY SYSTEM'!$O$1) -> 0 | N22: 5657173.8 | O22: =IFERROR(P22/N22,"") -> 0 | P22: =SUMIFS(DATA!$L:$L,DATA!$O:$O,$B22,DATA!$N:$N,$A22,DATA!$M:$M,'SALES BY SYSTEM'!$O$2) -> 0 | Q22: 12945578 | R22: =IFERROR(S22/Q22,"") -> 0 | S22: =SUMIFS(DATA!$L:$L,DATA!$O:$O,$B22,DATA!$N:$N,$A22,DATA!$M:$M,'SALES BY SYSTEM'!$O$4) -> 0 | T22: 0 | U22: =IFERROR(V22/T22,"") | V22: =SUMIFS(DATA!$L:$L,DATA!$O:$O,$B22,DATA!$N:$N,$A22,DATA!$M:$M,'SALES BY SYSTEM'!$O$3) -> 0
A23: LOTTE BA DINH HA NOI | B23: LOTTE | C23: =VLOOKUP(A23,CUSTOMER!$A:$C,3,0) -> LOTTE_BDINH | D23: KA HCM1 | E23: =VLOOKUP(A23,CUSTOMER!$A$2:$H$1094,5,0) -> TRAN THI THAO NGUYEN | F23: =VLOOKUP(A23,CUSTOMER!$A$2:$I$1094,6,0) -> LE THI HONG DIEP | G23: =VLOOKUP(A23,CUSTOMER!$A$1:$J$1160,7,0) -> "NO PG" | H23: =SUM(K23,N23,Q23,T23) -> 31289692 | I23: =IFERROR(J23/H23,"") -> 0 | J23: =SUM(M23,P23,S23,V23) -> 0 | K23: 0 | L23: =IFERROR(M23/K23,"") | M23: =SUMIFS(DATA!$L:$L,DATA!$O:$O,$B23,DATA!$N:$N,$A23,DATA!$M:$M,'SALES BY SYSTEM'!$O$1) -> 0 | N23: 4384156.6 | O23: =IFERROR(P23/N23,"") -> 0 | P23: =SUMIFS(DATA!$L:$L,DATA!$O:$O,$B23,DATA!$N:$N,$A23,DATA!$M:$M,'SALES BY SYSTEM'!$O$2) -> 0 | Q23: 26905535 | R23: =IFERROR(S23/Q23,"") -> 0 | S23: =SUMIFS(DATA!$L:$L,DATA!$O:$O,$B23,DATA!$N:$N,$A23,DATA!$M:$M,'SALES BY SYSTEM'!$O$4) -> 0 | T23: 0 | U23: =IFERROR(V23/T23,"") | V23: =SUMIFS(DATA!$L:$L,DATA!$O:$O,$B23,DATA!$N:$N,$A23,DATA!$M:$M,'SALES BY SYSTEM'!$O$3) -> 0
A24: BIG C DI AN | B24: BIG C | C24: =VLOOKUP(A24,CUSTOMER!$A:$C,3,0) -> BIGC_DIAN | D24: KA HCM1 | E24: =VLOOKUP(A24,CUSTOMER!$A$2:$H$1094,5,0) -> LE NAM PHUONG | F24: =VLOOKUP(A24,CUSTOMER!$A$2:$I$1094,6,0) -> VACANCY | G24: "NO PG" | H24: =SUM(K24,N24,Q24,T24) -> 13065042 | I24: =IFERROR(J24/H24,"") -> 0 | J24: =SUM(M24,P24,S24,V24) -> 0 | K24: 0 | L24: =IFERROR(M24/K24,"") | M24: =SUMIFS(DATA!$L:$L,DATA!$O:$O,$B24,DATA!$N:$N,$A24,DATA!$M:$M,'SALES BY SYSTEM'!$O$1) -> 0 | N24: 4351672.1 | O24: =IFERROR(P24/N24,"") -> 0 | P24: =SUMIFS(DATA!$L:$L,DATA!$O:$O,$B24,DATA!$N:$N,$A24,DATA!$M:$M,'SALES BY SYSTEM'!$O$2) -> 0 | Q24: 8713370 | R24: =IFERROR(S24/Q24,"") -> 0 | S24: =SUMIFS(DATA!$L:$L,DATA!$O:$O,$B24,DATA!$N:$N,$A24,DATA!$M:$M,'SALES BY SYSTEM'!$O$4) -> 0 | T24: 0 | U24: =IFERROR(V24/T24,"") | V24: =SUMIFS(DATA!$L:$L,DATA!$O:$O,$B24,DATA!$N:$N,$A24,DATA!$M:$M,'SALES BY SYSTEM'!$O$3) -> 0
A25: GENSHAI RIVE | B25: GENSHAI | C25: =VLOOKUP(A25,CUSTOMER!$A:$C,3,0) -> HD_RIVE | D25: KA HCM1 | E25: =VLOOKUP(A25,CUSTOMER!$A$2:$H$1094,5,0) -> TRAN THI THAO NGUYEN | F25: =VLOOKUP(A25,CUSTOMER!$A$2:$I$1094,6,0) -> "NO PG" | G25: =VLOOKUP(A25,CUSTOMER!$A$1:$J$1160,7,0) -> "NO PG" | H25: =SUM(K25,N25,Q25,T25) -> 8460406.3 | I25: =IFERROR(J25/H25,"") -> 0 | J25: =SUM(M25,P25,S25,V25) -> 0 | K25: 0 | L25: =IFERROR(M25/K25,"") | M25: =SUMIFS(DATA!$L:$L,DATA!$O:$O,$B25,DATA!$N:$N,$A25,DATA!$M:$M,'SALES BY SYSTEM'!$O$1) -> 0 | N25: 3481337.7 | O25: =IFERROR(P25/N25,"") -> 0 | P25: =SUMIFS(DATA!$L:$L,DATA!$O:$O,$B25,DATA!$N:$N,$A25,DATA!$M:$M,'SALES BY SYSTEM'!$O$2) -> 0 | Q25: 4979068.6 | R25: =IFERROR(S25/Q25,"") -> 0 | S25: =SUMIFS(DATA!$L:$L,DATA!$O:$O,$B25,DATA!$N:$N,$A25,DATA!$M:$M,'SALES BY SYSTEM'!$O$4) -> 0 | T25: 0 | U25: =IFERROR(V25/T25,"") | V25: =SUMIFS(DATA!$L:$L,DATA!$O:$O,$B25,DATA!$N:$N,$A25,DATA!$M:$M,'SALES BY SYSTEM'!$O$3) -> 0
A26: BIG C DA NANG | B26: BIG C | C26: =VLOOKUP(A26,CUSTOMER!$A:$C,3,0) -> BIGC_DNANG | D26: KA HCM1 | E26: =VLOOKUP(A26,CUSTOMER!$A$2:$H$1094,5,0) -> LE NAM PHUONG | F26: =VLOOKUP(A26,CUSTOMER!$A$2:$I$1094,6,0) -> PHAM THI BINH | G26: "NO PG" | H26: =SUM(K26,N26,Q26,T26) -> 18979190 | I26: =IFERROR(J26/H26,"") -> 0 | J26: =SUM(M26,P26,S26,V26) -> 0 | K26: 0 | L26: =IFERROR(M26/K26,"") | M26: =SUMIFS(DATA!$L:$L,DATA!$O:$O,$B26,DATA!$N:$N,$A26,DATA!$M:$M,'SALES BY SYSTEM'!$O$1) -> 0 | N26: 3046170.5 | O26: =IFERROR(P26/N26,"") -> 0 | P26: =SUMIFS(DATA!$L:$L,DATA!$O:$O,$B26,DATA!$N:$N,$A26,DATA!$M:$M,'SALES BY SYSTEM'!$O$2) -> 0 | Q26: 15933019 | R26: =IFERROR(S26/Q26,"") -> 0 | S26: =SUMIFS(DATA!$L:$L,DATA!$O:$O,$B26,DATA!$N:$N,$A26,DATA!$M:$M,'SALES BY SYSTEM'!$O$4) -> 0 | T26: 0 | U26: =IFERROR(V26/T26,"") | V26: =SUMIFS(DATA!$L:$L,DATA!$O:$O,$B26,DATA!$N:$N,$A26,DATA!$M:$M,'SALES BY SYSTEM'!$O$3) -> 0
A27: LOTTE QUAN 11 | B27: LOTTE | C27: =VLOOKUP(A27,CUSTOMER!$A:$C,3,0) -> LOTTE_Q11 | D27: KA HCM1 | E27: =VLOOKUP(A27,CUSTOMER!$A$2:$H$1094,5,0) -> TRAN THI THAO NGUYEN | F27: =VLOOKUP(A27,CUSTOMER!$A$2:$I$1094,6,0) -> NGUYEN THI MUON | G27: =VLOOKUP(A27,CUSTOMER!$A$1:$J$1160,7,0) -> "NO PG" | H27: =SUM(K27,N27,Q27,T27) -> 17259654 | I27: =IFERROR(J27/H27,"") -> 0 | J27: =SUM(M27,P27,S27,V27) -> 0 | K27: 0 | L27: =IFERROR(M27/K27,"") | M27: =SUMIFS(DATA!$L:$L,DATA!$O:$O,$B27,DATA!$N:$N,$A27,DATA!$M:$M,'SALES BY SYSTEM'!$O$1) -> 0 | N27: 3046170.5 | O27: =IFERROR(P27/N27,"") -> 0 | P27: =SUMIFS(DATA!$L:$L,DATA!$O:$O,$B27,DATA!$N:$N,$A27,DATA!$M:$M,'SALES BY SYSTEM'!$O$2) -> 0 | Q27: 14213484 | R27: =IFERROR(S27/Q27,"") -> 0 | S27: =SUMIFS(DATA!$L:$L,DATA!$O:$O,$B27,DATA!$N:$N,$A27,DATA!$M:$M,'SALES BY SYSTEM'!$O$4) -> 0 | T27: 0 | U27: =IFERROR(V27/T27,"") | V27: =SUMIFS(DATA!$L:$L,DATA!$O:$O,$B27,DATA!$N:$N,$A27,DATA!$M:$M,'SALES BY SYSTEM'!$O$3) -> 0
A28: BIG C DONG NAI | B28: BIG C | C28: =VLOOKUP(A28,CUSTOMER!$A:$C,3,0) -> BIGC_DNAI | D28: KA HCM1 | E28: =VLOOKUP(A28,CUSTOMER!$A$2:$H$1094,5,0) -> LE NAM PHUONG | F28: =VLOOKUP(A28,CUSTOMER!$A$2:$I$1094,6,0) -> TRAN THI NHAN | G28: "NO PG" | H28: =SUM(K28,N28,Q28,T28) -> 17236516 | I28: =IFERROR(J28/H28,"") -> 0 | J28: =SUM(M28,P28,S28,V28) -> 0 | K28: 0 | L28: =IFERROR(M28/K28,"") | M28: =SUMIFS(DATA!$L:$L,DATA!$O:$O,$B28,DATA!$N:$N,$A28,DATA!$M:$M,'SALES BY SYSTEM'!$O$1) -> 0 | N28: 3046170.5 | O28: =IFERROR(P28/N28,"") -> 0 | P28: =SUMIFS(DATA!$L:$L,DATA!$O:$O,$B28,DATA!$N:$N,$A28,DATA!$M:$M,'SALES BY SYSTEM'!$O$2) -> 0 | Q28: 14190345 | R28: =IFERROR(S28/Q28,"") -> 0 | S28: =SUMIFS(DATA!$L:$L,DATA!$O:$O,$B28,DATA!$N:$N,$A28,DATA!$M:$M,'SALES BY SYSTEM'!$O$4) -> 0 | T28: 0 | U28: =IFERROR(V28/T28,"") | V28: =SUMIFS(DATA!$L:$L,DATA!$O:$O,$B28,DATA!$N:$N,$A28,DATA!$M:$M,'SALES BY SYSTEM'!$O$3) -> 0
A29: BIG C NHA TRANG | B29: BIG C | C29: =VLOOKUP(A29,CUSTOMER!$A:$C,3,0) -> BIGC_NTRANG | D29: KA HCM1 | E29: =VLOOKUP(A29,CUSTOMER!$A$2:$H$1094,5,0) -> LE NAM PHUONG | F29: =VLOOKUP(A29,CUSTOMER!$A$2:$I$1094,6,0) -> TRAN THANH TUAN | G29: "NO PG" | H29: =SUM(K29,N29,Q29,T29) -> 17236516 | I29: =IFERROR(J29/H29,"") -> 0 | J29: =SUM(M29,P29,S29,V29) -> 0 | K29: 0 | L29: =IFERROR(M29/K29,"") | M29: =SUMIFS(DATA!$L:$L,DATA!$O:$O,$B29,DATA!$N:$N,$A29,DATA!$M:$M,'SALES BY SYSTEM'!$O$1) -> 0 | N29: 3046170.5 | O29: =IFERROR(P29/N29,"") -> 0 | P29: =SUMIFS(DATA!$L:$L,DATA!$O:$O,$B29,DATA!$N:$N,$A29,DATA!$M:$M,'SALES BY SYSTEM'!$O$2) -> 0 | Q29: 14190345 | R29: =IFERROR(S29/Q29,"") -> 0 | S29: =SUMIFS(DATA!$L:$L,DATA!$O:$O,$B29,DATA!$N:$N,$A29,DATA!$M:$M,'SALES BY SYSTEM'!$O$4) -> 0 | T29: 0 | U29: =IFERROR(V29/T29,"") | V29: =SUMIFS(DATA!$L:$L,DATA!$O:$O,$B29,DATA!$N:$N,$A29,DATA!$M:$M,'SALES BY SYSTEM'!$O$3) -> 0
A30: BIG C LONG BIEN | B30: BIG C | C30: =VLOOKUP(A30,CUSTOMER!$A:$C,3,0) -> BIGC_LBIEN | D30: KA HCM1 | E30: =VLOOKUP(A30,CUSTOMER!$A$2:$H$1094,5,0) -> LE NAM PHUONG | F30: =VLOOKUP(A30,CUSTOMER!$A$2:$I$1094,6,0) -> LE THI HONG DIEP | G30: "NO PG" | H30: =SUM(K30,N30,Q30,T30) -> 11012680 | I30: =IFERROR(J30/H30,"") -> 0 | J30: =SUM(M30,P30,S30,V30) -> 0 | K30: 0 | L30: =IFERROR(M30/K30,"") | M30: =SUMIFS(DATA!$L:$L,DATA!$O:$O,$B30,DATA!$N:$N,$A30,DATA!$M:$M,'SALES BY SYSTEM'!$O$1) -> 0 | N30: 3046170.5 | O30: =IFERROR(P30/N30,"") -> 0 | P30: =SUMIFS(DATA!$L:$L,DATA!$O:$O,$B30,DATA!$N:$N,$A30,DATA!$M:$M,'SALES BY SYSTEM'!$O$2) -> 0 | Q30: 7966509.7 | R30: =IFERROR(S30/Q30,"") -> 0 | S30: =SUMIFS(DATA!$L:$L,DATA!$O:$O,$B30,DATA!$N:$N,$A30,DATA!$M:$M,'SALES BY SYSTEM'!$O$4) -> 0 | T30: 0 | U30: =IFERROR(V30/T30,"") | V30: =SUMIFS(DATA!$L:$L,DATA!$O:$O,$B30,DATA!$N:$N,$A30,DATA!$M:$M,'SALES BY SYSTEM'!$O$3) -> 0
A31: LOTTE VUNG TAU | B31: LOTTE | C31: =VLOOKUP(A31,CUSTOMER!$A:$C,3,0) -> LOTTE_VTAU | D31: KA HCM1 | E31: =VLOOKUP(A31,CUSTOMER!$A$2:$H$1094,5,0) -> TRAN THI THAO NGUYEN | F31: =VLOOKUP(A31,CUSTOMER!$A$2:$I$1094,6,0) -> VACANCY | G31: =VLOOKUP(A31,CUSTOMER!$A$1:$J$1160,7,0) -> "NO PG" | H31: =SUM(K31,N31,Q31,T31) -> 28061573 | I31: =IFERROR(J31/H31,"") -> 0 | J31: =SUM(M31,P31,S31,V31) -> 0 | K31: 0 | L31: =IFERROR(M31/K31,"") | M31: =SUMIFS(DATA!$L:$L,DATA!$O:$O,$B31,DATA!$N:$N,$A31,DATA!$M:$M,'SALES BY SYSTEM'!$O$1) -> 0 | N31: 2894144.1 | O31: =IFERROR(P31/N31,"") -> 0 | P31: =SUMIFS(DATA!$L:$L,DATA!$O:$O,$B31,DATA!$N:$N,$A31,DATA!$M:$M,'SALES BY SYSTEM'!$O$2) -> 0 | Q31: 25167429 | R31: =IFERROR(S31/Q31,"") -> 0 | S31: =SUMIFS(DATA!$L:$L,DATA!$O:$O,$B31,DATA!$N:$N,$A31,DATA!$M:$M,'SALES BY SYSTEM'!$O$4) -> 0 | T31: 0 | U31: =IFERROR(V31/T31,"") | V31: =SUMIFS(DATA!$L:$L,DATA!$O:$O,$B31,DATA!$N:$N,$A31,DATA!$M:$M,'SALES BY SYSTEM'!$O$3) -> 0
A32: LOTTE DA NANG | B32: LOTTE | C32: =VLOOKUP(A32,CUSTOMER!$A:$C,3,0) -> LOTTE_DNANG | D32: KA HCM1 | E32: =VLOOKUP(A32,CUSTOMER!$A$2:$H$1094,5,0) -> TRAN THI THAO NGUYEN | F32: VACANCY | G32: =VLOOKUP(A32,CUSTOMER!$A$1:$J$1160,7,0) -> "NO PG" | H32: =SUM(K32,N32,Q32,T32) -> 28061573 | I32: =IFERROR(J32/H32,"") -> 0 | J32: =SUM(M32,P32,S32,V32) -> 0 | K32: 0 | L32: =IFERROR(M32/K32,"") | M32: =SUMIFS(DATA!$L:$L,DATA!$O:$O,$B32,DATA!$N:$N,$A32,DATA!$M:$M,'SALES BY SYSTEM'!$O$1) -> 0 | N32: 2894144.1 | O32: =IFERROR(P32/N32,"") -> 0 | P32: =SUMIFS(DATA!$L:$L,DATA!$O:$O,$B32,DATA!$N:$N,$A32,DATA!$M:$M,'SALES BY SYSTEM'!$O$2) -> 0 | Q32: 25167429 | R32: =IFERROR(S32/Q32,"") -> 0 | S32: =SUMIFS(DATA!$L:$L,DATA!$O:$O,$B32,DATA!$N:$N,$A32,DATA!$M:$M,'SALES BY SYSTEM'!$O$4) -> 0 | T32: 0 | U32: =IFERROR(V32/T32,"") | V32: =SUMIFS(DATA!$L:$L,DATA!$O:$O,$B32,DATA!$N:$N,$A32,DATA!$M:$M,'SALES BY SYSTEM'!$O$3) -> 0
A33: LOTTE NHA TRANG | B33: LOTTE | C33: =VLOOKUP(A33,CUSTOMER!$A:$C,3,0) -> LOTTE_NTRANG | D33: KA HCM1 | E33: =VLOOKUP(A33,CUSTOMER!$A$2:$H$1094,5,0) -> TRAN THI THAO NGUYEN | F33: =VLOOKUP(A33,CUSTOMER!$A$2:$I$1094,6,0) -> TRAN THANH TUAN | G33: =VLOOKUP(A33,CUSTOMER!$A$1:$J$1160,7,0) -> "NO PG" | H33: =SUM(K33,N33,Q33,T33) -> 23716308 | I33: =IFERROR(J33/H33,"") -> 0 | J33: =SUM(M33,P33,S33,V33) -> 0 | K33: 0 | L33: =IFERROR(M33/K33,"") | M33: =SUMIFS(DATA!$L:$L,DATA!$O:$O,$B33,DATA!$N:$N,$A33,DATA!$M:$M,'SALES BY SYSTEM'!$O$1) -> 0 | N33: 2894144.1 | O33: =IFERROR(P33/N33,"") -> 0 | P33: =SUMIFS(DATA!$L:$L,DATA!$O:$O,$B33,DATA!$N:$N,$A33,DATA!$M:$M,'SALES BY SYSTEM'!$O$2) -> 0 | Q33: 20822164 | R33: =IFERROR(S33/Q33,"") -> 0 | S33: =SUMIFS(DATA!$L:$L,DATA!$O:$O,$B33,DATA!$N:$N,$A33,DATA!$M:$M,'SALES BY SYSTEM'!$O$4) -> 0 | T33: 0 | U33: =IFERROR(V33/T33,"") | V33: =SUMIFS(DATA!$L:$L,DATA!$O:$O,$B33,DATA!$N:$N,$A33,DATA!$M:$M,'SALES BY SYSTEM'!$O$3) -> 0
A34: LOTTE PHAN THIET | B34: LOTTE | C34: =VLOOKUP(A34,CUSTOMER!$A:$C,3,0) -> LOTTE_PTHIET | D34: KA HCM1 | E34: =VLOOKUP(A34,CUSTOMER!$A$2:$H$1094,5,0) -> TRAN THI THAO NGUYEN | F34: =VLOOKUP(A34,CUSTOMER!$A$2:$I$1094,6,0) -> VACANCY | G34: =VLOOKUP(A34,CUSTOMER!$A$1:$J$1160,7,0) -> "NO PG" | H34: =SUM(K34,N34,Q34,T34) -> 19371043 | I34: =IFERROR(J34/H34,"") -> 0 | J34: =SUM(M34,P34,S34,V34) -> 0 | K34: 0 | L34: =IFERROR(M34/K34,"") | M34: =SUMIFS(DATA!$L:$L,DATA!$O:$O,$B34,DATA!$N:$N,$A34,DATA!$M:$M,'SALES BY SYSTEM'!$O$1) -> 0 | N34: 2894144.1 | O34: =IFERROR(P34/N34,"") -> 0 | P34: =SUMIFS(DATA!$L:$L,DATA!$O:$O,$B34,DATA!$N:$N,$A34,DATA!$M:$M,'SALES BY SYSTEM'!$O$2) -> 0 | Q34: 16476899 | R34: =IFERROR(S34/Q34,"") -> 0 | S34: =SUMIFS(DATA!$L:$L,DATA!$O:$O,$B34,DATA!$N:$N,$A34,DATA!$M:$M,'SALES BY SYSTEM'!$O$4) -> 0 | T34: 0 | U34: =IFERROR(V34/T34,"") | V34: =SUMIFS(DATA!$L:$L,DATA!$O:$O,$B34,DATA!$N:$N,$A34,DATA!$M:$M,'SALES BY SYSTEM'!$O$3) -> 0
A35: VINMART CAN THO | B35: VINMART | C35: =VLOOKUP(A35,CUSTOMER!$A:$C,3,0) -> VIN_CTHO | D35: KA HCM1 | E35: =VLOOKUP(A35,CUSTOMER!$A$2:$H$1094,5,0) -> TRAN THI THAO NGUYEN | F35: =VLOOKUP(A35,CUSTOMER!$A$2:$I$1094,6,0) -> HUYNH NGOC HIEU | G35: "NO PG" | H35: =SUM(K35,N35,Q35,T35) -> 7973178 | I35: =IFERROR(J35/H35,"") -> 0 | J35: =SUM(M35,P35,S35,V35) -> 0 | K35: 0 | L35: =IFERROR(M35/K35,"") | M35: =SUMIFS(DATA!$L:$L,DATA!$O:$O,$B35,DATA!$N:$N,$A35,DATA!$M:$M,'SALES BY SYSTEM'!$O$1) -> 0 | N35: 2773527 | O35: =IFERROR(P35/N35,"") -> 0 | P35: =SUMIFS(DATA!$L:$L,DATA!$O:$O,$B35,DATA!$N:$N,$A35,DATA!$M:$M,'SALES BY SYSTEM'!$O$2) -> 0 | Q35: 5199650.9 | R35: =IFERROR(S35/Q35,"") -> 0 | S35: =SUMIFS(DATA!$L:$L,DATA!$O:$O,$B35,DATA!$N:$N,$A35,DATA!$M:$M,'SALES BY SYSTEM'!$O$4) -> 0 | T35: 0 | U35: =IFERROR(V35/T35,"") | V35: =SUMIFS(DATA!$L:$L,DATA!$O:$O,$B35,DATA!$N:$N,$A35,DATA!$M:$M,'SALES BY SYSTEM'!$O$3) -> 0
A36: LOTTE NAM SAI GON | B36: LOTTE | C36: =VLOOKUP(A36,CUSTOMER!$A:$C,3,0) -> LOTTE_Q7 | D36: KA HCM1 | E36: =VLOOKUP(A36,CUSTOMER!$A$2:$H$1094,5,0) -> TRAN THI THAO NGUYEN | F36: =VLOOKUP(A36,CUSTOMER!$A$2:$I$1094,6,0) -> NGUYEN THI MUON | G36: =VLOOKUP(A36,CUSTOMER!$A$1:$J$1160,7,0) -> "NO PG" | H36: =SUM(K36,N36,Q36,T36) -> 10787390 | I36: =IFERROR(J36/H36,"") -> 0 | J36: =SUM(M36,P36,S36,V36) -> 0 | K36: 0 | L36: =IFERROR(M36/K36,"") | M36: =SUMIFS(DATA!$L:$L,DATA!$O:$O,$B36,DATA!$N:$N,$A36,DATA!$M:$M,'SALES BY SYSTEM'!$O$1) -> 0 | N36: 2665399.2 | O36: =IFERROR(P36/N36,"") -> 0 | P36: =SUMIFS(DATA!$L:$L,DATA!$O:$O,$B36,DATA!$N:$N,$A36,DATA!$M:$M,'SALES BY SYSTEM'!$O$2) -> 0 | Q36: 8121990.7 | R36: =IFERROR(S36/Q36,"") -> 0 | S36: =SUMIFS(DATA!$L:$L,DATA!$O:$O,$B36,DATA!$N:$N,$A36,DATA!$M:$M,'SALES BY SYSTEM'!$O$4) -> 0 | T36: 0 | U36: =IFERROR(V36/T36,"") | V36: =SUMIFS(DATA!$L:$L,DATA!$O:$O,$B36,DATA!$N:$N,$A36,DATA!$M:$M,'SALES BY SYSTEM'!$O$3) -> 0
A37: BIG C THANG LONG | B37: BIG C | C37: =VLOOKUP(A37,CUSTOMER!$A:$C,3,0) -> BIGC_TLONG | D37: KA HCM1 | E37: =VLOOKUP(A37,CUSTOMER!$A$2:$H$1094,5,0) -> LE NAM PHUONG | F37: =VLOOKUP(A37,CUSTOMER!$A$2:$I$1094,6,0) -> LE THI HONG DIEP | G37: "NO PG" | H37: =SUM(K37,N37,Q37,T37) -> 16552395 | I37: =IFERROR(J37/H37,"") -> 0 | J37: =SUM(M37,P37,S37,V37) -> 0 | K37: 0 | L37: =IFERROR(M37/K37,"") | M37: =SUMIFS(DATA!$L:$L,DATA!$O:$O,$B37,DATA!$N:$N,$A37,DATA!$M:$M,'SALES BY SYSTEM'!$O$1) -> 0 | N37: 2611003.3 | O37: =IFERROR(P37/N37,"") -> 0 | P37: =SUMIFS(DATA!$L:$L,DATA!$O:$O,$B37,DATA!$N:$N,$A37,DATA!$M:$M,'SALES BY SYSTEM'!$O$2) -> 0 | Q37: 13941392 | R37: =IFERROR(S37/Q37,"") -> 0 | S37: =SUMIFS(DATA!$L:$L,DATA!$O:$O,$B37,DATA!$N:$N,$A37,DATA!$M:$M,'SALES BY SYSTEM'!$O$4) -> 0 | T37: 0 | U37: =IFERROR(V37/T37,"") | V37: =SUMIFS(DATA!$L:$L,DATA!$O:$O,$B37,DATA!$N:$N,$A37,DATA!$M:$M,'SALES BY SYSTEM'!$O$3) -> 0
A38: BIG C BAC GIANG | B38: BIG C | C38: =VLOOKUP(A38,CUSTOMER!$A:$C,3,0) -> BIGC_BGIANG | D38: KA HCM1 | E38: =VLOOKUP(A38,CUSTOMER!$A$2:$H$1094,5,0) -> LE NAM PHUONG | F38: =VLOOKUP(A38,CUSTOMER!$A$2:$I$1094,6,0) -> VACANCY | G38: "NO PG" | H38: =SUM(K38,N38,Q38,T38) -> 10328560 | I38: =IFERROR(J38/H38,"") -> 0 | J38: =SUM(M38,P38,S38,V38) -> 0 | K38: 0 | L38: =IFERROR(M38/K38,"") | M38: =SUMIFS(DATA!$L:$L,DATA!$O:$O,$B38,DATA!$N:$N,$A38,DATA!$M:$M,'SALES BY SYSTEM'!$O$1) -> 0 | N38: 2611003.3 | O38: =IFERROR(P38/N38,"") -> 0 | P38: =SUMIFS(DATA!$L:$L,DATA!$O:$O,$B38,DATA!$N:$N,$A38,DATA!$M:$M,'SALES BY SYSTEM'!$O$2) -> 0 | Q38: 7717556.3 | R38: =IFERROR(S38/Q38,"") -> 0 | S38: =SUMIFS(DATA!$L:$L,DATA!$O:$O,$B38,DATA!$N:$N,$A38,DATA!$M:$M,'SALES BY SYSTEM'!$O$4) -> 0 | T38: 0 | U38: =IFERROR(V38/T38,"") | V38: =SUMIFS(DATA!$L:$L,DATA!$O:$O,$B38,DATA!$N:$N,$A38,DATA!$M:$M,'SALES BY SYSTEM'!$O$3) -> 0
A39: BIG C BEN TRE | B39: BIG C | C39: =VLOOKUP(A39,CUSTOMER!$A:$C,3,0) -> BIGC_GO_BTRE | D39: KA HCM1 | E39: =VLOOKUP(A39,CUSTOMER!$A$2:$H$1094,5,0) -> LE NAM PHUONG | F39: =VLOOKUP(A39,CUSTOMER!$A$2:$I$1094,6,0) -> VACANCY | G39: "NO PG" | H39: =SUM(K39,N39,Q39,T39) -> 10328560 | I39: =IFERROR(J39/H39,"") -> 0 | J39: =SUM(M39,P39,S39,V39) -> 0 | K39: 0 | L39: =IFERROR(M39/K39,"") | M39: =SUMIFS(DATA!$L:$L,DATA!$O:$O,$B39,DATA!$N:$N,$A39,DATA!$M:$M,'SALES BY SYSTEM'!$O$1) -> 0 | N39: 2611003.3 | O39: =IFERROR(P39/N39,"") -> 0 | P39: =SUMIFS(DATA!$L:$L,DATA!$O:$O,$B39,DATA!$N:$N,$A39,DATA!$M:$M,'SALES BY SYSTEM'!$O$2) -> 0 | Q39: 7717556.3 | R39: =IFERROR(S39/Q39,"") -> 0 | S39: =SUMIFS(DATA!$L:$L,DATA!$O:$O,$B39,DATA!$N:$N,$A39,DATA!$M:$M,'SALES BY SYSTEM'!$O$4) -> 0 | T39: 0 | U39: =IFERROR(V39/T39,"") | V39: =SUMIFS(DATA!$L:$L,DATA!$O:$O,$B39,DATA!$N:$N,$A39,DATA!$M:$M,'SALES BY SYSTEM'!$O$3) -> 0
A40: BIG C BINH DUONG | B40: BIG C | C40: =VLOOKUP(A40,CUSTOMER!$A:$C,3,0) -> BIGC_BDUONG | D40: KA HCM1 | E40: =VLOOKUP(A40,CUSTOMER!$A$2:$H$1094,5,0) -> LE NAM PHUONG | F40: =VLOOKUP(A40,CUSTOMER!$A$2:$I$1094,6,0) -> VACANCY | G40: "NO PG" | H40: =SUM(K40,N40,Q40,T40) -> 10328560 | I40: =IFERROR(J40/H40,"") -> 0 | J40: =SUM(M40,P40,S40,V40) -> 0 | K40: 0 | L40: =IFERROR(M40/K40,"") | M40: =SUMIFS(DATA!$L:$L,DATA!$O:$O,$B40,DATA!$N:$N,$A40,DATA!$M:$M,'SALES BY SYSTEM'!$O$1) -> 0 | N40: 2611003.3 | O40: =IFERROR(P40/N40,"") -> 0 | P40: =SUMIFS(DATA!$L:$L,DATA!$O:$O,$B40,DATA!$N:$N,$A40,DATA!$M:$M,'SALES BY SYSTEM'!$O$2) -> 0 | Q40: 7717556.3 | R40: =IFERROR(S40/Q40,"") -> 0 | S40: =SUMIFS(DATA!$L:$L,DATA!$O:$O,$B40,DATA!$N:$N,$A40,DATA!$M:$M,'SALES BY SYSTEM'!$O$4) -> 0 | T40: 0 | U40: =IFERROR(V40/T40,"") | V40: =SUMIFS(DATA!$L:$L,DATA!$O:$O,$B40,DATA!$N:$N,$A40,DATA!$M:$M,'SALES BY SYSTEM'!$O$3) -> 0
A41: BIG C CAN THO | B41: BIG C | C41: =VLOOKUP(A41,CUSTOMER!$A:$C,3,0) -> BIGC_CTHO | D41: KA HCM1 | E41: =VLOOKUP(A41,CUSTOMER!$A$2:$H$1094,5,0) -> LE NAM PHUONG | F41: =VLOOKUP(A41,CUSTOMER!$A$2:$I$1094,6,0) -> HUYNH NGOC HIEU | G41: "NO PG" | H41: =SUM(K41,N41,Q41,T41) -> 10328560 | I41: =IFERROR(J41/H41,"") -> 0 | J41: =SUM(M41,P41,S41,V41) -> 0 | K41: 0 | L41: =IFERROR(M41/K41,"") | M41: =SUMIFS(DATA!$L:$L,DATA!$O:$O,$B41,DATA!$N:$N,$A41,DATA!$M:$M,'SALES BY SYSTEM'!$O$1) -> 0 | N41: 2611003.3 | O41: =IFERROR(P41/N41,"") -> 0 | P41: =SUMIFS(DATA!$L:$L,DATA!$O:$O,$B41,DATA!$N:$N,$A41,DATA!$M:$M,'SALES BY SYSTEM'!$O$2) -> 0 | Q41: 7717556.3 | R41: =IFERROR(S41/Q41,"") -> 0 | S41: =SUMIFS(DATA!$L:$L,DATA!$O:$O,$B41,DATA!$N:$N,$A41,DATA!$M:$M,'SALES BY SYSTEM'!$O$4) -> 0 | T41: 0 | U41: =IFERROR(V41/T41,"") | V41: =SUMIFS(DATA!$L:$L,DATA!$O:$O,$B41,DATA!$N:$N,$A41,DATA!$M:$M,'SALES BY SYSTEM'!$O$3) -> 0
A42: BIG C DA LAT | B42: BIG C | C42: =VLOOKUP(A42,CUSTOMER!$A:$C,3,0) -> BIGC_DLAT | D42: KA HCM1 | E42: =VLOOKUP(A42,CUSTOMER!$A$2:$H$1094,5,0) -> LE NAM PHUONG | F42: =VLOOKUP(A42,CUSTOMER!$A$2:$I$1094,6,0) -> VACANCY | G42: "NO PG" | H42: =SUM(K42,N42,Q42,T42) -> 10328560 | I42: =IFERROR(J42/H42,"") -> 0 | J42: =SUM(M42,P42,S42,V42) -> 0 | K42: 0 | L42: =IFERROR(M42/K42,"") | M42: =SUMIFS(DATA!$L:$L,DATA!$O:$O,$B42,DATA!$N:$N,$A42,DATA!$M:$M,'SALES BY SYSTEM'!$O$1) -> 0 | N42: 2611003.3 | O42: =IFERROR(P42/N42,"") -> 0 | P42: =SUMIFS(DATA!$L:$L,DATA!$O:$O,$B42,DATA!$N:$N,$A42,DATA!$M:$M,'SALES BY SYSTEM'!$O$2) -> 0 | Q42: 7717556.3 | R42: =IFERROR(S42/Q42,"") -> 0 | S42: =SUMIFS(DATA!$L:$L,DATA!$O:$O,$B42,DATA!$N:$N,$A42,DATA!$M:$M,'SALES BY SYSTEM'!$O$4) -> 0 | T42: 0 | U42: =IFERROR(V42/T42,"") | V42: =SUMIFS(DATA!$L:$L,DATA!$O:$O,$B42,DATA!$N:$N,$A42,DATA!$M:$M,'SALES BY SYSTEM'!$O$3) -> 0
A43: BIG C HA LONG | B43: BIG C | C43: =VLOOKUP(A43,CUSTOMER!$A:$C,3,0) -> BIGC_HLONG | D43: KA HCM1 | E43: =VLOOKUP(A43,CUSTOMER!$A$2:$H$1094,5,0) -> LE NAM PHUONG | F43: =VLOOKUP(A43,CUSTOMER!$A$2:$I$1094,6,0) -> VACANCY | G43: "NO PG" | H43: =SUM(K43,N43,Q43,T43) -> 10328560 | I43: =IFERROR(J43/H43,"") -> 0 | J43: =SUM(M43,P43,S43,V43) -> 0 | K43: 0 | L43: =IFERROR(M43/K43,"") | M43: =SUMIFS(DATA!$L:$L,DATA!$O:$O,$B43,DATA!$N:$N,$A43,DATA!$M:$M,'SALES BY SYSTEM'!$O$1) -> 0 | N43: 2611003.3 | O43: =IFERROR(P43/N43,"") -> 0 | P43: =SUMIFS(DATA!$L:$L,DATA!$O:$O,$B43,DATA!$N:$N,$A43,DATA!$M:$M,'SALES BY SYSTEM'!$O$2) -> 0 | Q43: 7717556.3 | R43: =IFERROR(S43/Q43,"") -> 0 | S43: =SUMIFS(DATA!$L:$L,DATA!$O:$O,$B43,DATA!$N:$N,$A43,DATA!$M:$M,'SALES BY SYSTEM'!$O$4) -> 0 | T43: 0 | U43: =IFERROR(V43/T43,"") | V43: =SUMIFS(DATA!$L:$L,DATA!$O:$O,$B43,DATA!$N:$N,$A43,DATA!$M:$M,'SALES BY SYSTEM'!$O$3) -> 0
A44: BIG C HAI DUONG | B44: BIG C | C44: =VLOOKUP(A44,CUSTOMER!$A:$C,3,0) -> BIGC_HDUONG | D44: KA HCM1 | E44: =VLOOKUP(A44,CUSTOMER!$A$2:$H$1094,5,0) -> LE NAM PHUONG | F44: =VLOOKUP(A44,CUSTOMER!$A$2:$I$1094,6,0) -> VACANCY | G44: "NO PG" | H44: =SUM(K44,N44,Q44,T44) -> 10328560 | I44: =IFERROR(J44/H44,"") -> 0 | J44: =SUM(M44,P44,S44,V44) -> 0 | K44: 0 | L44: =IFERROR(M44/K44,"") | M44: =SUMIFS(DATA!$L:$L,DATA!$O:$O,$B44,DATA!$N:$N,$A44,DATA!$M:$M,'SALES BY SYSTEM'!$O$1) -> 0 | N44: 2611003.3 | O44: =IFERROR(P44/N44,"") -> 0 | P44: =SUMIFS(DATA!$L:$L,DATA!$O:$O,$B44,DATA!$N:$N,$A44,DATA!$M:$M,'SALES BY SYSTEM'!$O$2) -> 0 | Q44: 7717556.3 | R44: =IFERROR(S44/Q44,"") -> 0 | S44: =SUMIFS(DATA!$L:$L,DATA!$O:$O,$B44,DATA!$N:$N,$A44,DATA!$M:$M,'SALES BY SYSTEM'!$O$4) -> 0 | T44: 0 | U44: =IFERROR(V44/T44,"") | V44: =SUMIFS(DATA!$L:$L,DATA!$O:$O,$B44,DATA!$N:$N,$A44,DATA!$M:$M,'SALES BY SYSTEM'!$O$3) -> 0
A45: BIG C HAI PHONG | B45: BIG C | C45: =VLOOKUP(A45,CUSTOMER!$A:$C,3,0) -> BIGC_HPHONG | D45: KA HCM1 | E45: =VLOOKUP(A45,CUSTOMER!$A$2:$H$1094,5,0) -> LE NAM PHUONG | F45: =VLOOKUP(A45,CUSTOMER!$A$2:$I$1094,6,0) -> VACANCY | G45: "NO PG" | H45: =SUM(K45,N45,Q45,T45) -> 10328560 | I45: =IFERROR(J45/H45,"") -> 0 | J45: =SUM(M45,P45,S45,V45) -> 0 | K45: 0 | L45: =IFERROR(M45/K45,"") | M45: =SUMIFS(DATA!$L:$L,DATA!$O:$O,$B45,DATA!$N:$N,$A45,DATA!$M:$M,'SALES BY SYSTEM'!$O$1) -> 0 | N45: 2611003.3 | O45: =IFERROR(P45/N45,"") -> 0 | P45: =SUMIFS(DATA!$L:$L,DATA!$O:$O,$B45,DATA!$N:$N,$A45,DATA!$M:$M,'SALES BY SYSTEM'!$O$2) -> 0 | Q45: 7717556.3 | R45: =IFERROR(S45/Q45,"") -> 0 | S45: =SUMIFS(DATA!$L:$L,DATA!$O:$O,$B45,DATA!$N:$N,$A45,DATA!$M:$M,'SALES BY SYSTEM'!$O$4) -> 0 | T45: 0 | U45: =IFERROR(V45/T45,"") | V45: =SUMIFS(DATA!$L:$L,DATA!$O:$O,$B45,DATA!$N:$N,$A45,DATA!$M:$M,'SALES BY SYSTEM'!$O$3) -> 0
A46: BIG C HUE | B46: BIG C | C46: =VLOOKUP(A46,CUSTOMER!$A:$C,3,0) -> BIGC_HUE | D46: KA HCM1 | E46: =VLOOKUP(A46,CUSTOMER!$A$2:$H$1094,5,0) -> LE NAM PHUONG | F46: =VLOOKUP(A46,CUSTOMER!$A$2:$I$1094,6,0) -> VACANCY | G46: "NO PG" | H46: =SUM(K46,N46,Q46,T46) -> 10328560 | I46: =IFERROR(J46/H46,"") -> 0 | J46: =SUM(M46,P46,S46,V46) -> 0 | K46: 0 | L46: =IFERROR(M46/K46,"") | M46: =SUMIFS(DATA!$L:$L,DATA!$O:$O,$B46,DATA!$N:$N,$A46,DATA!$M:$M,'SALES BY SYSTEM'!$O$1) -> 0 | N46: 2611003.3 | O46: =IFERROR(P46/N46,"") -> 0 | P46: =SUMIFS(DATA!$L:$L,DATA!$O:$O,$B46,DATA!$N:$N,$A46,DATA!$M:$M,'SALES BY SYSTEM'!$O$2) -> 0 | Q46: 7717556.3 | R46: =IFERROR(S46/Q46,"") -> 0 | S46: =SUMIFS(DATA!$L:$L,DATA!$O:$O,$B46,DATA!$N:$N,$A46,DATA!$M:$M,'SALES BY SYSTEM'!$O$4) -> 0 | T46: 0 | U46: =IFERROR(V46/T46,"") | V46: =SUMIFS(DATA!$L:$L,DATA!$O:$O,$B46,DATA!$N:$N,$A46,DATA!$M:$M,'SALES BY SYSTEM'!$O$3) -> 0
A47: BIG C ME LINH | B47: BIG C | C47: =VLOOKUP(A47,CUSTOMER!$A:$C,3,0) -> BIGC_MLINH | D47: KA HCM1 | E47: =VLOOKUP(A47,CUSTOMER!$A$2:$H$1094,5,0) -> LE NAM PHUONG | F47: =VLOOKUP(A47,CUSTOMER!$A$2:$I$1094,6,0) -> LE THI HONG DIEP | G47: "NO PG" | H47: =SUM(K47,N47,Q47,T47) -> 10328560 | I47: =IFERROR(J47/H47,"") -> 0 | J47: =SUM(M47,P47,S47,V47) -> 0 | K47: 0 | L47: =IFERROR(M47/K47,"") | M47: =SUMIFS(DATA!$L:$L,DATA!$O:$O,$B47,DATA!$N:$N,$A47,DATA!$M:$M,'SALES BY SYSTEM'!$O$1) -> 0 | N47: 2611003.3 | O47: =IFERROR(P47/N47,"") -> 0 | P47: =SUMIFS(DATA!$L:$L,DATA!$O:$O,$B47,DATA!$N:$N,$A47,DATA!$M:$M,'SALES BY SYSTEM'!$O$2) -> 0 | Q47: 7717556.3 | R47: =IFERROR(S47/Q47,"") -> 0 | S47: =SUMIFS(DATA!$L:$L,DATA!$O:$O,$B47,DATA!$N:$N,$A47,DATA!$M:$M,'SALES BY SYSTEM'!$O$4) -> 0 | T47: 0 | U47: =IFERROR(V47/T47,"") | V47: =SUMIFS(DATA!$L:$L,DATA!$O:$O,$B47,DATA!$N:$N,$A47,DATA!$M:$M,'SALES BY SYSTEM'!$O$3) -> 0
A48: BIG C MY THO | B48: BIG C | C48: =VLOOKUP(A48,CUSTOMER!$A:$C,3,0) -> BIGC_MTHO | D48: KA HCM1 | E48: =VLOOKUP(A48,CUSTOMER!$A$2:$H$1094,5,0) -> LE NAM PHUONG | F48: =VLOOKUP(A48,CUSTOMER!$A$2:$I$1094,6,0) -> VACANCY | G48: "NO PG" | H48: =SUM(K48,N48,Q48,T48) -> 10328560 | I48: =IFERROR(J48/H48,"") -> 0 | J48: =SUM(M48,P48,S48,V48) -> 0 | K48: 0 | L48: =IFERROR(M48/K48,"") | M48: =SUMIFS(DATA!$L:$L,DATA!$O:$O,$B48,DATA!$N:$N,$A48,DATA!$M:$M,'SALES BY SYSTEM'!$O$1) -> 0 | N48: 2611003.3 | O48: =IFERROR(P48/N48,"") -> 0 | P48: =SUMIFS(DATA!$L:$L,DATA!$O:$O,$B48,DATA!$N:$N,$A48,DATA!$M:$M,'SALES BY SYSTEM'!$O$2) -> 0 | Q48: 7717556.3 | R48: =IFERROR(S48/Q48,"") -> 0 | S48: =SUMIFS(DATA!$L:$L,DATA!$O:$O,$B48,DATA!$N:$N,$A48,DATA!$M:$M,'SALES BY SYSTEM'!$O$4) -> 0 | T48: 0 | U48: =IFERROR(V48/T48,"") | V48: =SUMIFS(DATA!$L:$L,DATA!$O:$O,$B48,DATA!$N:$N,$A48,DATA!$M:$M,'SALES BY SYSTEM'!$O$3) -> 0
... A60: BIG C MIEN DONG | B60: BIG C | C60: =VLOOKUP(A60,CUSTOMER!$A:$C,3,0) -> BIGC_MDONG | D60: KA HCM1 | E60: =VLOOKUP(A60,CUSTOMER!$A$2:$H$1094,5,0) -> LE NAM PHUONG | F60: =VLOOKUP(A60,CUSTOMER!$A$2:$I$1094,6,0) -> NGUYEN THI OANH | G60: "NO PG" | H60: =SUM(K60,N60,Q60,T60) -> 8585885.6 | I60: =IFERROR(J60/H60,"") -> 0 | J60: =SUM(M60,P60,S60,V60) -> 0 | K60: 0 | L60: =IFERROR(M60/K60,"") | M60: =SUMIFS(DATA!$L:$L,DATA!$O:$O,$B60,DATA!$N:$N,$A60,DATA!$M:$M,'SALES BY SYSTEM'!$O$1) -> 0 | N60: 2611003.3 | O60: =IFERROR(P60/N60,"") -> 0 | P60: =SUMIFS(DATA!$L:$L,DATA!$O:$O,$B60,DATA!$N:$N,$A60,DATA!$M:$M,'SALES BY SYSTEM'!$O$2) -> 0 | Q60: 5974882.3 | R60: =IFERROR(S60/Q60,"") -> 0 | S60: =SUMIFS(DATA!$L:$L,DATA!$O:$O,$B60,DATA!$N:$N,$A60,DATA!$M:$M,'SALES BY SYSTEM'!$O$4) -> 0 | T60: 0 | U60: =IFERROR(V60/T60,"") | V60: =SUMIFS(DATA!$L:$L,DATA!$O:$O,$B60,DATA!$N:$N,$A60,DATA!$M:$M,'SALES BY SYSTEM'!$O$3) -> 0
A61: LOTTE GO VAP | B61: LOTTE | C61: =VLOOKUP(A61,CUSTOMER!$A:$C,3,0) -> LOTTE_GVAP | D61: KA HCM1 | E61: =VLOOKUP(A61,CUSTOMER!$A$2:$H$1094,5,0) -> TRAN THI THAO NGUYEN | F61: =VLOOKUP(A61,CUSTOMER!$A$2:$I$1094,6,0) -> NGUYEN THI MUON | G61: =VLOOKUP(A61,CUSTOMER!$A$1:$J$1160,7,0) -> "NO PG" | H61: =SUM(K61,N61,Q61,T61) -> 39739033 | I61: =IFERROR(J61/H61,"") -> 0 | J61: =SUM(M61,P61,S61,V61) -> 0 | K61: 0 | L61: =IFERROR(M61/K61,"") | M61: =SUMIFS(DATA!$L:$L,DATA!$O:$O,$B61,DATA!$N:$N,$A61,DATA!$M:$M,'SALES BY SYSTEM'!$O$1) -> 0 | N61: 2284627.9 | O61: =IFERROR(P61/N61,"") -> 0 | P61: =SUMIFS(DATA!$L:$L,DATA!$O:$O,$B61,DATA!$N:$N,$A61,DATA!$M:$M,'SALES BY SYSTEM'!$O$2) -> 0 | Q61: 37454405 | R61: =IFERROR(S61/Q61,"") -> 0 | S61: =SUMIFS(DATA!$L:$L,DATA!$O:$O,$B61,DATA!$N:$N,$A61,DATA!$M:$M,'SALES BY SYSTEM'!$O$4) -> 0 | T61: 0 | U61: =IFERROR(V61/T61,"") | V61: =SUMIFS(DATA!$L:$L,DATA!$O:$O,$B61,DATA!$N:$N,$A61,DATA!$M:$M,'SALES BY SYSTEM'!$O$3) -> 0
A62: J MART | B62: J MART | C62: =VLOOKUP(A62,CUSTOMER!$A:$C,3,0) -> JM_BVD | D62: KA HCM1 | E62: =VLOOKUP(A62,CUSTOMER!$A$2:$H$1094,5,0) -> TRAN THI THAO NGUYEN | F62: =VLOOKUP(A62,CUSTOMER!$A$2:$I$1094,6,0) -> NGUYEN THI MUON | G62: "NO PG" | H62: =SUM(K62,N62,Q62,T62) -> 9644438.9 | I62: =IFERROR(J62/H62,"") -> 0 | J62: =SUM(M62,P62,S62,V62) -> 0 | K62: 0 | L62: =IFERROR(M62/K62,"") | M62: =SUMIFS(DATA!$L:$L,DATA!$O:$O,$B62,DATA!$N:$N,$A62,DATA!$M:$M,'SALES BY SYSTEM'!$O$1) -> 0 | N62: 2175836.1 | O62: =IFERROR(P62/N62,"") -> 0 | P62: =SUMIFS(DATA!$L:$L,DATA!$O:$O,$B62,DATA!$N:$N,$A62,DATA!$M:$M,'SALES BY SYSTEM'!$O$2) -> 0 | Q62: 7468602.9 | R62: =IFERROR(S62/Q62,"") -> 0 | S62: =SUMIFS(DATA!$L:$L,DATA!$O:$O,$B62,DATA!$N:$N,$A62,DATA!$M:$M,'SALES BY SYSTEM'!$O$4) -> 0 | T62: 0 | U62: =IFERROR(V62/T62,"") | V62: =SUMIFS(DATA!$L:$L,DATA!$O:$O,$B62,DATA!$N:$N,$A62,DATA!$M:$M,'SALES BY SYSTEM'!$O$3) -> 0
A63: K MART NGUYET HOA | B63: K MART | C63: =VLOOKUP(A63,CUSTOMER!$A:$C,3,0) -> 3733 | D63: KA HCM1 | E63: =VLOOKUP(A63,CUSTOMER!$A$2:$H$1094,5,0) -> TRAN THI THAO NGUYEN | F63: =VLOOKUP(A63,CUSTOMER!$A$2:$I$1094,6,0) -> VACANCY | G63: "NO PG" | H63: =SUM(K63,N63,Q63,T63) -> 3420603.2 | I63: =IFERROR(J63/H63,"") -> 0 | J63: =SUM(M63,P63,S63,V63) -> 0 | K63: 0 | L63: =IFERROR(M63/K63,"") | M63: =SUMIFS(DATA!$L:$L,DATA!$O:$O,$B63,DATA!$N:$N,$A63,DATA!$M:$M,'SALES BY SYSTEM'!$O$1) -> 0 | N63: 2175836.1 | O63: =IFERROR(P63/N63,"") -> 0 | P63: =SUMIFS(DATA!$L:$L,DATA!$O:$O,$B63,DATA!$N:$N,$A63,DATA!$M:$M,'SALES BY SYSTEM'!$O$2) -> 0 | Q63: 1244767.1 | R63: =IFERROR(S63/Q63,"") -> 0 | S63: =SUMIFS(DATA!$L:$L,DATA!$O:$O,$B63,DATA!$N:$N,$A63,DATA!$M:$M,'SALES BY SYSTEM'!$O$4) -> 0 | T63: 0 | U63: =IFERROR(V63/T63,"") | V63: =SUMIFS(DATA!$L:$L,DATA!$O:$O,$B63,DATA!$N:$N,$A63,DATA!$M:$M,'SALES BY SYSTEM'!$O$3) -> 0
A64: LOTTE CAN THO | B64: LOTTE | C64: =VLOOKUP(A64,CUSTOMER!$A:$C,3,0) -> LOTTE_CTHO | D64: KA HCM1 | E64: =VLOOKUP(A64,CUSTOMER!$A$2:$H$1094,5,0) -> TRAN THI THAO NGUYEN | F64: =VLOOKUP(A64,CUSTOMER!$A$2:$I$1094,6,0) -> HUYNH NGOC HIEU | G64: =VLOOKUP(A64,CUSTOMER!$A$1:$J$1160,7,0) -> "NO PG" | H64: =SUM(K64,N64,Q64,T64) -> 17756984 | I64: =IFERROR(J64/H64,"") -> 0 | J64: =SUM(M64,P64,S64,V64) -> 0 | K64: 0 | L64: =IFERROR(M64/K64,"") | M64: =SUMIFS(DATA!$L:$L,DATA!$O:$O,$B64,DATA!$N:$N,$A64,DATA!$M:$M,'SALES BY SYSTEM'!$O$1) -> 0 | N64: 2149137.8 | O64: =IFERROR(P64/N64,"") -> 0 | P64: =SUMIFS(DATA!$L:$L,DATA!$O:$O,$B64,DATA!$N:$N,$A64,DATA!$M:$M,'SALES BY SYSTEM'!$O$2) -> 0 | Q64: 15607846 | R64: =IFERROR(S64/Q64,"") -> 0 | S64: =SUMIFS(DATA!$L:$L,DATA!$O:$O,$B64,DATA!$N:$N,$A64,DATA!$M:$M,'SALES BY SYSTEM'!$O$4) -> 0 | T64: 0 | U64: =IFERROR(V64/T64,"") | V64: =SUMIFS(DATA!$L:$L,DATA!$O:$O,$B64,DATA!$N:$N,$A64,DATA!$M:$M,'SALES BY SYSTEM'!$O$3) -> 0
A65: LOTTE NHA TRANG GOLD COAST | B65: LOTTE | C65: =VLOOKUP(A65,CUSTOMER!$A:$C,3,0) -> LOTTE_NTRANG2 | D65: KA HCM1 | E65: =VLOOKUP(A65,CUSTOMER!$A$2:$H$1094,5,0) -> TRAN THI THAO NGUYEN | F65: =VLOOKUP(A65,CUSTOMER!$A$2:$I$1094,6,0) -> TRAN THANH TUAN | G65: =VLOOKUP(A65,CUSTOMER!$A$1:$J$1160,7,0) -> "NO PG" | H65: =SUM(K65,N65,Q65,T65) -> 17756984 | I65: =IFERROR(J65/H65,"") -> 0 | J65: =SUM(M65,P65,S65,V65) -> 0 | K65: 0 | L65: =IFERROR(M65/K65,"") | M65: =SUMIFS(DATA!$L:$L,DATA!$O:$O,$B65,DATA!$N:$N,$A65,DATA!$M:$M,'SALES BY SYSTEM'!$O$1) -> 0 | N65: 2149137.8 | O65: =IFERROR(P65/N65,"") -> 0 | P65: =SUMIFS(DATA!$L:$L,DATA!$O:$O,$B65,DATA!$N:$N,$A65,DATA!$M:$M,'SALES BY SYSTEM'!$O$2) -> 0 | Q65: 15607846 | R65: =IFERROR(S65/Q65,"") -> 0 | S65: =SUMIFS(DATA!$L:$L,DATA!$O:$O,$B65,DATA!$N:$N,$A65,DATA!$M:$M,'SALES BY SYSTEM'!$O$4) -> 0 | T65: 0 | U65: =IFERROR(V65/T65,"") | V65: =SUMIFS(DATA!$L:$L,DATA!$O:$O,$B65,DATA!$N:$N,$A65,DATA!$M:$M,'SALES BY SYSTEM'!$O$3) -> 0
A66: BIG C QUAN 7 | B66: BIG C | C66: =VLOOKUP(A66,CUSTOMER!$A:$C,3,0) -> BIGC_LAND | D66: KA HCM1 | E66: =VLOOKUP(A66,CUSTOMER!$A$2:$H$1094,5,0) -> LE NAM PHUONG | F66: =VLOOKUP(A66,CUSTOMER!$A$2:$I$1094,6,0) -> NGUYEN THI OANH | G66: "NO PG" | H66: =SUM(K66,N66,Q66,T66) -> 19900753 | I66: =IFERROR(J66/H66,"") -> 0 | J66: =SUM(M66,P66,S66,V66) -> 0 | K66: 0 | L66: =IFERROR(M66/K66,"") | M66: =SUMIFS(DATA!$L:$L,DATA!$O:$O,$B66,DATA!$N:$N,$A66,DATA!$M:$M,'SALES BY SYSTEM'!$O$1) -> 0 | N66: 2127967.7 | O66: =IFERROR(P66/N66,"") -> 0 | P66: =SUMIFS(DATA!$L:$L,DATA!$O:$O,$B66,DATA!$N:$N,$A66,DATA!$M:$M,'SALES BY SYSTEM'!$O$2) -> 0 | Q66: 17772785 | R66: =IFERROR(S66/Q66,"") -> 0 | S66: =SUMIFS(DATA!$L:$L,DATA!$O:$O,$B66,DATA!$N:$N,$A66,DATA!$M:$M,'SALES BY SYSTEM'!$O$4) -> 0 | T66: 0 | U66: =IFERROR(V66/T66,"") | V66: =SUMIFS(DATA!$L:$L,DATA!$O:$O,$B66,DATA!$N:$N,$A66,DATA!$M:$M,'SALES BY SYSTEM'!$O$3) -> 0
A67: COOP TUY HOA PHU YEN | B67: COOP MART | C67: =VLOOKUP(A67,CUSTOMER!$A:$C,3,0) -> COOP_PYEN | D67: KA HCM1 | E67: =VLOOKUP(A67,CUSTOMER!$A$2:$H$1094,5,0) -> VAVANCY-VU MINH TUAN | F67: =VLOOKUP(A67,CUSTOMER!$A$2:$I$1094,6,0) -> VACANCY | G67: "NO PG" | H67: =SUM(K67,N67,Q67,T67) -> 9924762.2 | I67: =IFERROR(J67/H67,"") -> 0 | J67: =SUM(M67,P67,S67,V67) -> 0 | K67: 0 | L67: =IFERROR(M67/K67,"") | M67: =SUMIFS(DATA!$L:$L,DATA!$O:$O,$B67,DATA!$N:$N,$A67,DATA!$M:$M,'SALES BY SYSTEM'!$O$1) -> 0 | N67: 1958252.5 | O67: =IFERROR(P67/N67,"") -> 0 | P67: =SUMIFS(DATA!$L:$L,DATA!$O:$O,$B67,DATA!$N:$N,$A67,DATA!$M:$M,'SALES BY SYSTEM'!$O$2) -> 0 | Q67: 7966509.7 | R67: =IFERROR(S67/Q67,"") -> 0 | S67: =SUMIFS(DATA!$L:$L,DATA!$O:$O,$B67,DATA!$N:$N,$A67,DATA!$M:$M,'SALES BY SYSTEM'!$O$4) -> 0 | T67: 0 | U67: =IFERROR(V67/T67,"") | V67: =SUMIFS(DATA!$L:$L,DATA!$O:$O,$B67,DATA!$N:$N,$A67,DATA!$M:$M,'SALES BY SYSTEM'!$O$3) -> 0
A68: COOP TAY NINH 1 | B68: COOP MART | C68: =VLOOKUP(A68,CUSTOMER!$A:$C,3,0) -> COOP_TNINH | D68: KA HCM1 | E68: =VLOOKUP(A68,CUSTOMER!$A$2:$H$1094,5,0) -> VAVANCY-VU MINH TUAN | F68: =VLOOKUP(A68,CUSTOMER!$A$2:$I$1094,6,0) -> VACANCY | G68: "NO PG" | H68: =SUM(K68,N68,Q68,T68) -> 7933134.8 | I68: =IFERROR(J68/H68,"") -> 0 | J68: =SUM(M68,P68,S68,V68) -> 0 | K68: 0 | L68: =IFERROR(M68/K68,"") | M68: =SUMIFS(DATA!$L:$L,DATA!$O:$O,$B68,DATA!$N:$N,$A68,DATA!$M:$M,'SALES BY SYSTEM'!$O$1) -> 0 | N68: 1958252.5 | O68: =IFERROR(P68/N68,"") -> 0 | P68: =SUMIFS(DATA!$L:$L,DATA!$O:$O,$B68,DATA!$N:$N,$A68,DATA!$M:$M,'SALES BY SYSTEM'!$O$2) -> 0 | Q68: 5974882.3 | R68: =IFERROR(S68/Q68,"") -> 0 | S68: =SUMIFS(DATA!$L:$L,DATA!$O:$O,$B68,DATA!$N:$N,$A68,DATA!$M:$M,'SALES BY SYSTEM'!$O$4) -> 0 | T68: 0 | U68: =IFERROR(V68/T68,"") | V68: =SUMIFS(DATA!$L:$L,DATA!$O:$O,$B68,DATA!$N:$N,$A68,DATA!$M:$M,'SALES BY SYSTEM'!$O$3) -> 0
A69: COOP QUANG BINH | B69: COOP MART | C69: =VLOOKUP(A69,CUSTOMER!$A:$C,3,0) -> COOP_QBINH | D69: KA HCM1 | E69: =VLOOKUP(A69,CUSTOMER!$A$2:$H$1094,5,0) -> VAVANCY-VU MINH TUAN | F69: =VLOOKUP(A69,CUSTOMER!$A$2:$I$1094,6,0) -> VACANCY | G69: "NO PG" | H69: =SUM(K69,N69,Q69,T69) -> 6439414.2 | I69: =IFERROR(J69/H69,"") -> 0 | J69: =SUM(M69,P69,S69,V69) -> 0 | K69: 0 | L69: =IFERROR(M69/K69,"") | M69: =SUMIFS(DATA!$L:$L,DATA!$O:$O,$B69,DATA!$N:$N,$A69,DATA!$M:$M,'SALES BY SYSTEM'!$O$1) -> 0 | N69: 1958252.5 | O69: =IFERROR(P69/N69,"") -> 0 | P69: =SUMIFS(DATA!$L:$L,DATA!$O:$O,$B69,DATA!$N:$N,$A69,DATA!$M:$M,'SALES BY SYSTEM'!$O$2) -> 0 | Q69: 4481161.7 | R69: =IFERROR(S69/Q69,"") -> 0 | S69: =SUMIFS(DATA!$L:$L,DATA!$O:$O,$B69,DATA!$N:$N,$A69,DATA!$M:$M,'SALES BY SYSTEM'!$O$4) -> 0 | T69: 0 | U69: =IFERROR(V69/T69,"") | V69: =SUMIFS(DATA!$L:$L,DATA!$O:$O,$B69,DATA!$N:$N,$A69,DATA!$M:$M,'SALES BY SYSTEM'!$O$3) -> 0
A70: COOP BINH THUY CAN THO | B70: COOP MART | C70: =VLOOKUP(A70,CUSTOMER!$A:$C,3,0) -> COOP_BTHUY | D70: KA HCM1 | E70: =VLOOKUP(A70,CUSTOMER!$A$2:$H$1094,5,0) -> VAVANCY-VU MINH TUAN | F70: =VLOOKUP(A70,CUSTOMER!$A$2:$I$1094,6,0) -> HUYNH NGOC HIEU | G70: "NO PG" | H70: =SUM(K70,N70,Q70,T70) -> 5941507.3 | I70: =IFERROR(J70/H70,"") -> 0 | J70: =SUM(M70,P70,S70,V70) -> 0 | K70: 0 | L70: =IFERROR(M70/K70,"") | M70: =SUMIFS(DATA!$L:$L,DATA!$O:$O,$B70,DATA!$N:$N,$A70,DATA!$M:$M,'SALES BY SYSTEM'!$O$1) -> 0 | N70: 1958252.5 | O70: =IFERROR(P70/N70,"") -> 0 | P70: =SUMIFS(DATA!$L:$L,DATA!$O:$O,$B70,DATA!$N:$N,$A70,DATA!$M:$M,'SALES BY SYSTEM'!$O$2) -> 0 | Q70: 3983254.9 | R70: =IFERROR(S70/Q70,"") -> 0 | S70: =SUMIFS(DATA!$L:$L,DATA!$O:$O,$B70,DATA!$N:$N,$A70,DATA!$M:$M,'SALES BY SYSTEM'!$O$4) -> 0 | T70: 0 | U70: =IFERROR(V70/T70,"") | V70: =SUMIFS(DATA!$L:$L,DATA!$O:$O,$B70,DATA!$N:$N,$A70,DATA!$M:$M,'SALES BY SYSTEM'!$O$3) -> 0
A71: COOP BUON HO | B71: COOP MART | C71: =VLOOKUP(A71,CUSTOMER!$A:$C,3,0) -> COOP_BHO | D71: KA HCM1 | E71: =VLOOKUP(A71,CUSTOMER!$A$2:$H$1094,5,0) -> VAVANCY-VU MINH TUAN | F71: =VLOOKUP(A71,CUSTOMER!$A$2:$I$1094,6,0) -> TRAN THI THANH TRUC | G71: "NO PG" | H71: =SUM(K71,N71,Q71,T71) -> 5941507.3 | I71: =IFERROR(J71/H71,"") -> 0 | J71: =SUM(M71,P71,S71,V71) -> 0 | K71: 0 | L71: =IFERROR(M71/K71,"") | M71: =SUMIFS(DATA!$L:$L,DATA!$O:$O,$B71,DATA!$N:$N,$A71,DATA!$M:$M,'SALES BY SYSTEM'!$O$1) -> 0 | N71: 1958252.5 | O71: =IFERROR(P71/N71,"") -> 0 | P71: =SUMIFS(DATA!$L:$L,DATA!$O:$O,$B71,DATA!$N:$N,$A71,DATA!$M:$M,'SALES BY SYSTEM'!$O$2) -> 0 | Q71: 3983254.9 | R71: =IFERROR(S71/Q71,"") -> 0 | S71: =SUMIFS(DATA!$L:$L,DATA!$O:$O,$B71,DATA!$N:$N,$A71,DATA!$M:$M,'SALES BY SYSTEM'!$O$4) -> 0 | T71: 0 | U71: =IFERROR(V71/T71,"") | V71: =SUMIFS(DATA!$L:$L,DATA!$O:$O,$B71,DATA!$N:$N,$A71,DATA!$M:$M,'SALES BY SYSTEM'!$O$3) -> 0
A72: COOP BUON MA THUOT | B72: COOP MART | C72: =VLOOKUP(A72,CUSTOMER!$A:$C,3,0) -> COOP_BMT | D72: KA HCM1 | E72: =VLOOKUP(A72,CUSTOMER!$A$2:$H$1094,5,0) -> VAVANCY-VU MINH TUAN | F72: =VLOOKUP(A72,CUSTOMER!$A$2:$I$1094,6,0) -> TRAN THI THANH TRUC | G72: "NO PG" | H72: =SUM(K72,N72,Q72,T72) -> 5941507.3 | I72: =IFERROR(J72/H72,"") -> 0 | J72: =SUM(M72,P72,S72,V72) -> 0 | K72: 0 | L72: =IFERROR(M72/K72,"") | M72: =SUMIFS(DATA!$L:$L,DATA!$O:$O,$B72,DATA!$N:$N,$A72,DATA!$M:$M,'SALES BY SYSTEM'!$O$1) -> 0 | N72: 1958252.5 | O72: =IFERROR(P72/N72,"") -> 0 | P72: =SUMIFS(DATA!$L:$L,DATA!$O:$O,$B72,DATA!$N:$N,$A72,DATA!$M:$M,'SALES BY SYSTEM'!$O$2) -> 0 | Q72: 3983254.9 | R72: =IFERROR(S72/Q72,"") -> 0 | S72: =SUMIFS(DATA!$L:$L,DATA!$O:$O,$B72,DATA!$N:$N,$A72,DATA!$M:$M,'SALES BY SYSTEM'!$O$4) -> 0 | T72: 0 | U72: =IFERROR(V72/T72,"") | V72: =SUMIFS(DATA!$L:$L,DATA!$O:$O,$B72,DATA!$N:$N,$A72,DATA!$M:$M,'SALES BY SYSTEM'!$O$3) -> 0
A73: COOP CA MAU | B73: COOP MART | C73: =VLOOKUP(A73,CUSTOMER!$A:$C,3,0) -> COOP_CMAU | D73: KA HCM1 | E73: =VLOOKUP(A73,CUSTOMER!$A$2:$H$1094,5,0) -> VAVANCY-VU MINH TUAN | F73: =VLOOKUP(A73,CUSTOMER!$A$2:$I$1094,6,0) -> "NO SALE" | G73: "NO PG" | H73: =SUM(K73,N73,Q73,T73) -> 5941507.3 | I73: =IFERROR(J73/H73,"") -> 0 | J73: =SUM(M73,P73,S73,V73) -> 0 | K73: 0 | L73: =IFERROR(M73/K73,"") | M73: =SUMIFS(DATA!$L:$L,DATA!$O:$O,$B73,DATA!$N:$N,$A73,DATA!$M:$M,'SALES BY SYSTEM'!$O$1) -> 0 | N73: 1958252.5 | O73: =IFERROR(P73/N73,"") -> 0 | P73: =SUMIFS(DATA!$L:$L,DATA!$O:$O,$B73,DATA!$N:$N,$A73,DATA!$M:$M,'SALES BY SYSTEM'!$O$2) -> 0 | Q73: 3983254.9 | R73: =IFERROR(S73/Q73,"") -> 0 | S73: =SUMIFS(DATA!$L:$L,DATA!$O:$O,$B73,DATA!$N:$N,$A73,DATA!$M:$M,'SALES BY SYSTEM'!$O$4) -> 0 | T73: 0 | U73: =IFERROR(V73/T73,"") | V73: =SUMIFS(DATA!$L:$L,DATA!$O:$O,$B73,DATA!$N:$N,$A73,DATA!$M:$M,'SALES BY SYSTEM'!$O$3) -> 0
A74: COOP CAI LAY | B74: COOP MART | C74: =VLOOKUP(A74,CUSTOMER!$A:$C,3,0) -> COOP_CLAY | D74: KA HCM1 | E74: =VLOOKUP(A74,CUSTOMER!$A$2:$H$1094,5,0) -> VAVANCY-VU MINH TUAN | F74: =VLOOKUP(A74,CUSTOMER!$A$2:$I$1094,6,0) -> VACANCY | G74: "NO PG" | H74: =SUM(K74,N74,Q74,T74) -> 5941507.3 | I74: =IFERROR(J74/H74,"") -> 0 | J74: =SUM(M74,P74,S74,V74) -> 0 | K74: 0 | L74: =IFERROR(M74/K74,"") | M74: =SUMIFS(DATA!$L:$L,DATA!$O:$O,$B74,DATA!$N:$N,$A74,DATA!$M:$M,'SALES BY SYSTEM'!$O$1) -> 0 | N74: 1958252.5 | O74: =IFERROR(P74/N74,"") -> 0 | P74: =SUMIFS(DATA!$L:$L,DATA!$O:$O,$B74,DATA!$N:$N,$A74,DATA!$M:$M,'SALES BY SYSTEM'!$O$2) -> 0 | Q74: 3983254.9 | R74: =IFERROR(S74/Q74,"") -> 0 | S74: =SUMIFS(DATA!$L:$L,DATA!$O:$O,$B74,DATA!$N:$N,$A74,DATA!$M:$M,'SALES BY SYSTEM'!$O$4) -> 0 | T74: 0 | U74: =IFERROR(V74/T74,"") | V74: =SUMIFS(DATA!$L:$L,DATA!$O:$O,$B74,DATA!$N:$N,$A74,DATA!$M:$M,'SALES BY SYSTEM'!$O$3) -> 0
A75: COOP CAM RANH | B75: COOP MART | C75: =VLOOKUP(A75,CUSTOMER!$A:$C,3,0) -> COOP_CRANH | D75: KA HCM1 | E75: =VLOOKUP(A75,CUSTOMER!$A$2:$H$1094,5,0) -> VAVANCY-VU MINH TUAN | F75: =VLOOKUP(A75,CUSTOMER!$A$2:$I$1094,6,0) -> VACANCY | G75: "NO PG" | H75: =SUM(K75,N75,Q75,T75) -> 5941507.3 | I75: =IFERROR(J75/H75,"") -> 0 | J75: =SUM(M75,P75,S75,V75) -> 0 | K75: 0 | L75: =IFERROR(M75/K75,"") | M75: =SUMIFS(DATA!$L:$L,DATA!$O:$O,$B75,DATA!$N:$N,$A75,DATA!$M:$M,'SALES BY SYSTEM'!$O$1) -> 0 | N75: 1958252.5 | O75: =IFERROR(P75/N75,"") -> 0 | P75: =SUMIFS(DATA!$L:$L,DATA!$O:$O,$B75,DATA!$N:$N,$A75,DATA!$M:$M,'SALES BY SYSTEM'!$O$2) -> 0 | Q75: 3983254.9 | R75: =IFERROR(S75/Q75,"") -> 0 | S75: =SUMIFS(DATA!$L:$L,DATA!$O:$O,$B75,DATA!$N:$N,$A75,DATA!$M:$M,'SALES BY SYSTEM'!$O$4) -> 0 | T75: 0 | U75: =IFERROR(V75/T75,"") | V75: =SUMIFS(DATA!$L:$L,DATA!$O:$O,$B75,DATA!$N:$N,$A75,DATA!$M:$M,'SALES BY SYSTEM'!$O$3) -> 0
A76: COOP CAN GIO | B76: COOP MART | C76: =VLOOKUP(A76,CUSTOMER!$A:$C,3,0) -> COOP_CGIO | D76: KA HCM1 | E76: =VLOOKUP(A76,CUSTOMER!$A$2:$H$1094,5,0) -> VAVANCY-VU MINH TUAN | F76: =VLOOKUP(A76,CUSTOMER!$A$2:$I$1094,6,0) -> TRAN THI THANH TRUC | G76: "NO PG" | H76: =SUM(K76,N76,Q76,T76) -> 5941507.3 | I76: =IFERROR(J76/H76,"") -> 0 | J76: =SUM(M76,P76,S76,V76) -> 0 | K76: 0 | L76: =IFERROR(M76/K76,"") | M76: =SUMIFS(DATA!$L:$L,DATA!$O:$O,$B76,DATA!$N:$N,$A76,DATA!$M:$M,'SALES BY SYSTEM'!$O$1) -> 0 | N76: 1958252.5 | O76: =IFERROR(P76/N76,"") -> 0 | P76: =SUMIFS(DATA!$L:$L,DATA!$O:$O,$B76,DATA!$N:$N,$A76,DATA!$M:$M,'SALES BY SYSTEM'!$O$2) -> 0 | Q76: 3983254.9 | R76: =IFERROR(S76/Q76,"") -> 0 | S76: =SUMIFS(DATA!$L:$L,DATA!$O:$O,$B76,DATA!$N:$N,$A76,DATA!$M:$M,'SALES BY SYSTEM'!$O$4) -> 0 | T76: 0 | U76: =IFERROR(V76/T76,"") | V76: =SUMIFS(DATA!$L:$L,DATA!$O:$O,$B76,DATA!$N:$N,$A76,DATA!$M:$M,'SALES BY SYSTEM'!$O$3) -> 0
A77: COOP CAN GIUOC | B77: COOP MART | C77: =VLOOKUP(A77,CUSTOMER!$A:$C,3,0) -> COOP_CGUOC | D77: KA HCM1 | E77: =VLOOKUP(A77,CUSTOMER!$A$2:$H$1094,5,0) -> VAVANCY-VU MINH TUAN | F77: =VLOOKUP(A77,CUSTOMER!$A$2:$I$1094,6,0) -> TRAN THI THANH TRUC | G77: "NO PG" | H77: =SUM(K77,N77,Q77,T77) -> 5941507.3 | I77: =IFERROR(J77/H77,"") -> 0 | J77: =SUM(M77,P77,S77,V77) -> 0 | K77: 0 | L77: =IFERROR(M77/K77,"") | M77: =SUMIFS(DATA!$L:$L,DATA!$O:$O,$B77,DATA!$N:$N,$A77,DATA!$M:$M,'SALES BY SYSTEM'!$O$1) -> 0 | N77: 1958252.5 | O77: =IFERROR(P77/N77,"") -> 0 | P77: =SUMIFS(DATA!$L:$L,DATA!$O:$O,$B77,DATA!$N:$N,$A77,DATA!$M:$M,'SALES BY SYSTEM'!$O$2) -> 0 | Q77: 3983254.9 | R77: =IFERROR(S77/Q77,"") -> 0 | S77: =SUMIFS(DATA!$L:$L,DATA!$O:$O,$B77,DATA!$N:$N,$A77,DATA!$M:$M,'SALES BY SYSTEM'!$O$4) -> 0 | T77: 0 | U77: =IFERROR(V77/T77,"") | V77: =SUMIFS(DATA!$L:$L,DATA!$O:$O,$B77,DATA!$N:$N,$A77,DATA!$M:$M,'SALES BY SYSTEM'!$O$3) -> 0
... A133: COOP VUNG TAU | B133: COOP MART | C133: =VLOOKUP(A133,CUSTOMER!$A:$C,3,0) -> COOP_VTAU | D133: KA HCM1 | E133: =VLOOKUP(A133,CUSTOMER!$A$2:$H$1094,5,0) -> VAVANCY-VU MINH TUAN | F133: =VLOOKUP(A133,CUSTOMER!$A$2:$I$1094,6,0) -> VACANCY | G133: "NO PG" | H133: =SUM(K133,N133,Q133,T133) -> 4945693.6 | I133: =IFERROR(J133/H133,"") -> 0 | J133: =SUM(M133,P133,S133,V133) -> 0 | K133: 0 | L133: =IFERROR(M133/K133,"") | M133: =SUMIFS(DATA!$L:$L,DATA!$O:$O,$B133,DATA!$N:$N,$A133,DATA!$M:$M,'SALES BY SYSTEM'!$O$1) -> 0 | N133: 1958252.5 | O133: =IFERROR(P133/N133,"") -> 0 | P133: =SUMIFS(DATA!$L:$L,DATA!$O:$O,$B133,DATA!$N:$N,$A133,DATA!$M:$M,'SALES BY SYSTEM'!$O$2) -> 0 | Q133: 2987441.1 | R133: =IFERROR(S133/Q133,"") -> 0 | S133: =SUMIFS(DATA!$L:$L,DATA!$O:$O,$B133,DATA!$N:$N,$A133,DATA!$M:$M,'SALES BY SYSTEM'!$O$4) -> 0 | T133: 0 | U133: =IFERROR(V133/T133,"") | V133: =SUMIFS(DATA!$L:$L,DATA!$O:$O,$B133,DATA!$N:$N,$A133,DATA!$M:$M,'SALES BY SYSTEM'!$O$3) -> 0
A134: COOP VINH LOC | B134: COOP MART | C134: =VLOOKUP(A134,CUSTOMER!$A:$C,3,0) -> COOP_VLOC | D134: KA HCM1 | E134: =VLOOKUP(A134,CUSTOMER!$A$2:$H$1094,5,0) -> VAVANCY-VU MINH TUAN | F134: =VLOOKUP(A134,CUSTOMER!$A$2:$I$1094,6,0) -> TRAN THI THANH TRUC | G134: =VLOOKUP(A134,CUSTOMER!$A$2:$J$1094,7,0) -> "NO PG" | H134: =SUM(K134,N134,Q134,T134) -> 1958252.5 | I134: =IFERROR(J134/H134,"") -> 0 | J134: =SUM(M134,P134,S134,V134) -> 0 | K134: 0 | L134: =IFERROR(M134/K134,"") | M134: =SUMIFS(DATA!$L:$L,DATA!$O:$O,$B134,DATA!$N:$N,$A134,DATA!$M:$M,'SALES BY SYSTEM'!$O$1) -> 0 | N134: 1958252.5 | O134: =IFERROR(P134/N134,"") -> 0 | P134: =SUMIFS(DATA!$L:$L,DATA!$O:$O,$B134,DATA!$N:$N,$A134,DATA!$M:$M,'SALES BY SYSTEM'!$O$2) -> 0 | Q134: 0 | R134: =IFERROR(S134/Q134,"") | S134: =SUMIFS(DATA!$L:$L,DATA!$O:$O,$B134,DATA!$N:$N,$A134,DATA!$M:$M,'SALES BY SYSTEM'!$O$4) -> 0 | T134: 0 | U134: =IFERROR(V134/T134,"") | V134: =SUMIFS(DATA!$L:$L,DATA!$O:$O,$B134,DATA!$N:$N,$A134,DATA!$M:$M,'SALES BY SYSTEM'!$O$3) -> 0
A135: GENSHAI THE PARK RESIDENCE | B135: GENSHAI | C135: =VLOOKUP(A135,CUSTOMER!$A:$C,3,0) -> HD_NHT | D135: KA HCM1 | E135: =VLOOKUP(A135,CUSTOMER!$A$2:$H$1094,5,0) -> TRAN THI THAO NGUYEN | F135: =VLOOKUP(A135,CUSTOMER!$A$2:$I$1094,6,0) -> NGUYEN THI MUON | G135: "NO PG" | H135: =SUM(K135,N135,Q135,T135) -> 7715551.1 | I135: =IFERROR(J135/H135,"") -> 0 | J135: =SUM(M135,P135,S135,V135) -> 0 | K135: 0 | L135: =IFERROR(M135/K135,"") | M135: =SUMIFS(DATA!$L:$L,DATA!$O:$O,$B135,DATA!$N:$N,$A135,DATA!$M:$M,'SALES BY SYSTEM'!$O$1) -> 0 | N135: 1740668.9 | O135: =IFERROR(P135/N135,"") -> 0 | P135: =SUMIFS(DATA!$L:$L,DATA!$O:$O,$B135,DATA!$N:$N,$A135,DATA!$M:$M,'SALES BY SYSTEM'!$O$2) -> 0 | Q135: 5974882.3 | R135: =IFERROR(S135/Q135,"") -> 0 | S135: =SUMIFS(DATA!$L:$L,DATA!$O:$O,$B135,DATA!$N:$N,$A135,DATA!$M:$M,'SALES BY SYSTEM'!$O$4) -> 0 | T135: 0 | U135: =IFERROR(V135/T135,"") | V135: =SUMIFS(DATA!$L:$L,DATA!$O:$O,$B135,DATA!$N:$N,$A135,DATA!$M:$M,'SALES BY SYSTEM'!$O$3) -> 0
A136: GENSHAI VERD DONG VAN CONG | B136: GENSHAI | C136: =VLOOKUP(A136,CUSTOMER!$A:$C,3,0) -> HD_DVC | D136: KA HCM1 | E136: =VLOOKUP(A136,CUSTOMER!$A$2:$H$1094,5,0) -> TRAN THI THAO NGUYEN | F136: =VLOOKUP(A136,CUSTOMER!$A$2:$I$1094,6,0) -> NGUYEN THI MUON | G136: "NO PG" | H136: =SUM(K136,N136,Q136,T136) -> 7715551.1 | I136: =IFERROR(J136/H136,"") -> 0 | J136: =SUM(M136,P136,S136,V136) -> 0 | K136: 0 | L136: =IFERROR(M136/K136,"") | M136: =SUMIFS(DATA!$L:$L,DATA!$O:$O,$B136,DATA!$N:$N,$A136,DATA!$M:$M,'SALES BY SYSTEM'!$O$1) -> 0 | N136: 1740668.9 | O136: =IFERROR(P136/N136,"") -> 0 | P136: =SUMIFS(DATA!$L:$L,DATA!$O:$O,$B136,DATA!$N:$N,$A136,DATA!$M:$M,'SALES BY SYSTEM'!$O$2) -> 0 | Q136: 5974882.3 | R136: =IFERROR(S136/Q136,"") -> 0 | S136: =SUMIFS(DATA!$L:$L,DATA!$O:$O,$B136,DATA!$N:$N,$A136,DATA!$M:$M,'SALES BY SYSTEM'!$O$4) -> 0 | T136: 0 | U136: =IFERROR(V136/T136,"") | V136: =SUMIFS(DATA!$L:$L,DATA!$O:$O,$B136,DATA!$N:$N,$A136,DATA!$M:$M,'SALES BY SYSTEM'!$O$3) -> 0
A137: GENSHAI VISTAR XA LO HA NOI | B137: GENSHAI | C137: =VLOOKUP(A137,CUSTOMER!$A:$C,3,0) -> HD_XLHN | D137: KA HCM1 | E137: =VLOOKUP(A137,CUSTOMER!$A$2:$H$1094,5,0) -> TRAN THI THAO NGUYEN | F137: =VLOOKUP(A137,CUSTOMER!$A$2:$I$1094,6,0) -> NGUYEN THI MUON | G137: "NO PG" | H137: =SUM(K137,N137,Q137,T137) -> 7715551.1 | I137: =IFERROR(J137/H137,"") -> 0 | J137: =SUM(M137,P137,S137,V137) -> 0 | K137: 0 | L137: =IFERROR(M137/K137,"") | M137: =SUMIFS(DATA!$L:$L,DATA!$O:$O,$B137,DATA!$N:$N,$A137,DATA!$M:$M,'SALES BY SYSTEM'!$O$1) -> 0 | N137: 1740668.9 | O137: =IFERROR(P137/N137,"") -> 0 | P137: =SUMIFS(DATA!$L:$L,DATA!$O:$O,$B137,DATA!$N:$N,$A137,DATA!$M:$M,'SALES BY SYSTEM'!$O$2) -> 0 | Q137: 5974882.3 | R137: =IFERROR(S137/Q137,"") -> 0 | S137: =SUMIFS(DATA!$L:$L,DATA!$O:$O,$B137,DATA!$N:$N,$A137,DATA!$M:$M,'SALES BY SYSTEM'!$O$4) -> 0 | T137: 0 | U137: =IFERROR(V137/T137,"") | V137: =SUMIFS(DATA!$L:$L,DATA!$O:$O,$B137,DATA!$N:$N,$A137,DATA!$M:$M,'SALES BY SYSTEM'!$O$3) -> 0
A138: GENSHAI AU CO | B138: GENSHAI | C138: =VLOOKUP(A138,CUSTOMER!$A:$C,3,0) -> HD_AUCO | D138: KA HCM1 | E138: =VLOOKUP(A138,CUSTOMER!$A$2:$H$1094,5,0) -> TRAN THI THAO NGUYEN | F138: =VLOOKUP(A138,CUSTOMER!$A$2:$I$1094,6,0) -> NGUYEN THI MUON | G138: "NO PG" | H138: =SUM(K138,N138,Q138,T138) -> 6719737.4 | I138: =IFERROR(J138/H138,"") -> 0 | J138: =SUM(M138,P138,S138,V138) -> 0 | K138: 0 | L138: =IFERROR(M138/K138,"") | M138: =SUMIFS(DATA!$L:$L,DATA!$O:$O,$B138,DATA!$N:$N,$A138,DATA!$M:$M,'SALES BY SYSTEM'!$O$1) -> 0 | N138: 1740668.9 | O138: =IFERROR(P138/N138,"") -> 0 | P138: =SUMIFS(DATA!$L:$L,DATA!$O:$O,$B138,DATA!$N:$N,$A138,DATA!$M:$M,'SALES BY SYSTEM'!$O$2) -> 0 | Q138: 4979068.6 | R138: =IFERROR(S138/Q138,"") -> 0 | S138: =SUMIFS(DATA!$L:$L,DATA!$O:$O,$B138,DATA!$N:$N,$A138,DATA!$M:$M,'SALES BY SYSTEM'!$O$4) -> 0 | T138: 0 | U138: =IFERROR(V138/T138,"") | V138: =SUMIFS(DATA!$L:$L,DATA!$O:$O,$B138,DATA!$N:$N,$A138,DATA!$M:$M,'SALES BY SYSTEM'!$O$3) -> 0
A139: GENSHAI CELADON | B139: GENSHAI | C139: =VLOOKUP(A139,CUSTOMER!$A:$C,3,0) -> HD_CELADON | D139: KA HCM1 | E139: =VLOOKUP(A139,CUSTOMER!$A$2:$H$1094,5,0) -> TRAN THI THAO NGUYEN | F139: =VLOOKUP(A139,CUSTOMER!$A$2:$I$1094,6,0) -> NGUYEN THI MUON | G139: "NO PG" | H139: =SUM(K139,N139,Q139,T139) -> 6719737.4 | I139: =IFERROR(J139/H139,"") -> 0 | J139: =SUM(M139,P139,S139,V139) -> 0 | K139: 0 | L139: =IFERROR(M139/K139,"") | M139: =SUMIFS(DATA!$L:$L,DATA!$O:$O,$B139,DATA!$N:$N,$A139,DATA!$M:$M,'SALES BY SYSTEM'!$O$1) -> 0 | N139: 1740668.9 | O139: =IFERROR(P139/N139,"") -> 0 | P139: =SUMIFS(DATA!$L:$L,DATA!$O:$O,$B139,DATA!$N:$N,$A139,DATA!$M:$M,'SALES BY SYSTEM'!$O$2) -> 0 | Q139: 4979068.6 | R139: =IFERROR(S139/Q139,"") -> 0 | S139: =SUMIFS(DATA!$L:$L,DATA!$O:$O,$B139,DATA!$N:$N,$A139,DATA!$M:$M,'SALES BY SYSTEM'!$O$4) -> 0 | T139: 0 | U139: =IFERROR(V139/T139,"") | V139: =SUMIFS(DATA!$L:$L,DATA!$O:$O,$B139,DATA!$N:$N,$A139,DATA!$M:$M,'SALES BY SYSTEM'!$O$3) -> 0
A140: GENSHAI EMPIRE | B140: GENSHAI | C140: =VLOOKUP(A140,CUSTOMER!$A:$C,3,0) -> HD_EMPIRE | D140: KA HCM1 | E140: =VLOOKUP(A140,CUSTOMER!$A$2:$H$1094,5,0) -> TRAN THI THAO NGUYEN | F140: =VLOOKUP(A140,CUSTOMER!$A$2:$I$1094,6,0) -> NGUYEN THI MUON | G140: "NO PG" | H140: =SUM(K140,N140,Q140,T140) -> 6719737.4 | I140: =IFERROR(J140/H140,"") -> 0 | J140: =SUM(M140,P140,S140,V140) -> 0 | K140: 0 | L140: =IFERROR(M140/K140,"") | M140: =SUMIFS(DATA!$L:$L,DATA!$O:$O,$B140,DATA!$N:$N,$A140,DATA!$M:$M,'SALES BY SYSTEM'!$O$1) -> 0 | N140: 1740668.9 | O140: =IFERROR(P140/N140,"") -> 0 | P140: =SUMIFS(DATA!$L:$L,DATA!$O:$O,$B140,DATA!$N:$N,$A140,DATA!$M:$M,'SALES BY SYSTEM'!$O$2) -> 0 | Q140: 4979068.6 | R140: =IFERROR(S140/Q140,"") -> 0 | S140: =SUMIFS(DATA!$L:$L,DATA!$O:$O,$B140,DATA!$N:$N,$A140,DATA!$M:$M,'SALES BY SYSTEM'!$O$4) -> 0 | T140: 0 | U140: =IFERROR(V140/T140,"") | V140: =SUMIFS(DATA!$L:$L,DATA!$O:$O,$B140,DATA!$N:$N,$A140,DATA!$M:$M,'SALES BY SYSTEM'!$O$3) -> 0
A141: GENSHAI LAVITA | B141: GENSHAI | C141: =VLOOKUP(A141,CUSTOMER!$A:$C,3,0) -> HD_LAVITA | D141: KA HCM1 | E141: =VLOOKUP(A141,CUSTOMER!$A$2:$H$1094,5,0) -> TRAN THI THAO NGUYEN | F141: =VLOOKUP(A141,CUSTOMER!$A$2:$I$1094,6,0) -> NGUYEN THI MUON | G141: "NO PG" | H141: =SUM(K141,N141,Q141,T141) -> 6719737.4 | I141: =IFERROR(J141/H141,"") -> 0 | J141: =SUM(M141,P141,S141,V141) -> 0 | K141: 0 | L141: =IFERROR(M141/K141,"") | M141: =SUMIFS(DATA!$L:$L,DATA!$O:$O,$B141,DATA!$N:$N,$A141,DATA!$M:$M,'SALES BY SYSTEM'!$O$1) -> 0 | N141: 1740668.9 | O141: =IFERROR(P141/N141,"") -> 0 | P141: =SUMIFS(DATA!$L:$L,DATA!$O:$O,$B141,DATA!$N:$N,$A141,DATA!$M:$M,'SALES BY SYSTEM'!$O$2) -> 0 | Q141: 4979068.6 | R141: =IFERROR(S141/Q141,"") -> 0 | S141: =SUMIFS(DATA!$L:$L,DATA!$O:$O,$B141,DATA!$N:$N,$A141,DATA!$M:$M,'SALES BY SYSTEM'!$O$4) -> 0 | T141: 0 | U141: =IFERROR(V141/T141,"") | V141: =SUMIFS(DATA!$L:$L,DATA!$O:$O,$B141,DATA!$N:$N,$A141,DATA!$M:$M,'SALES BY SYSTEM'!$O$3) -> 0
A142: GENSHAI PEARL NGUYEN HUU CANH | B142: GENSHAI | C142: =VLOOKUP(A142,CUSTOMER!$A:$C,3,0) -> HD_NHC | D142: KA HCM1 | E142: =VLOOKUP(A142,CUSTOMER!$A$2:$H$1094,5,0) -> TRAN THI THAO NGUYEN | F142: =VLOOKUP(A142,CUSTOMER!$A$2:$I$1094,6,0) -> NGUYEN THI MUON | G142: "NO PG" | H142: =SUM(K142,N142,Q142,T142) -> 6719737.4 | I142: =IFERROR(J142/H142,"") -> 0 | J142: =SUM(M142,P142,S142,V142) -> 0 | K142: 0 | L142: =IFERROR(M142/K142,"") | M142: =SUMIFS(DATA!$L:$L,DATA!$O:$O,$B142,DATA!$N:$N,$A142,DATA!$M:$M,'SALES BY SYSTEM'!$O$1) -> 0 | N142: 1740668.9 | O142: =IFERROR(P142/N142,"") -> 0 | P142: =SUMIFS(DATA!$L:$L,DATA!$O:$O,$B142,DATA!$N:$N,$A142,DATA!$M:$M,'SALES BY SYSTEM'!$O$2) -> 0 | Q142: 4979068.6 | R142: =IFERROR(S142/Q142,"") -> 0 | S142: =SUMIFS(DATA!$L:$L,DATA!$O:$O,$B142,DATA!$N:$N,$A142,DATA!$M:$M,'SALES BY SYSTEM'!$O$4) -> 0 | T142: 0 | U142: =IFERROR(V142/T142,"") | V142: =SUMIFS(DATA!$L:$L,DATA!$O:$O,$B142,DATA!$N:$N,$A142,DATA!$M:$M,'SALES BY SYSTEM'!$O$3) -> 0
A143: GENSHAI PICITY | B143: GENSHAI | C143: =VLOOKUP(A143,CUSTOMER!$A:$C,3,0) -> HD_PICITY | D143: KA HCM1 | E143: =VLOOKUP(A143,CUSTOMER!$A$2:$H$1094,5,0) -> TRAN THI THAO NGUYEN | F143: =VLOOKUP(A143,CUSTOMER!$A$2:$I$1094,6,0) -> NGUYEN THI MUON | G143: "NO PG" | H143: =SUM(K143,N143,Q143,T143) -> 6719737.4 | I143: =IFERROR(J143/H143,"") -> 0 | J143: =SUM(M143,P143,S143,V143) -> 0 | K143: 0 | L143: =IFERROR(M143/K143,"") | M143: =SUMIFS(DATA!$L:$L,DATA!$O:$O,$B143,DATA!$N:$N,$A143,DATA!$M:$M,'SALES BY SYSTEM'!$O$1) -> 0 | N143: 1740668.9 | O143: =IFERROR(P143/N143,"") -> 0 | P143: =SUMIFS(DATA!$L:$L,DATA!$O:$O,$B143,DATA!$N:$N,$A143,DATA!$M:$M,'SALES BY SYSTEM'!$O$2) -> 0 | Q143: 4979068.6 | R143: =IFERROR(S143/Q143,"") -> 0 | S143: =SUMIFS(DATA!$L:$L,DATA!$O:$O,$B143,DATA!$N:$N,$A143,DATA!$M:$M,'SALES BY SYSTEM'!$O$4) -> 0 | T143: 0 | U143: =IFERROR(V143/T143,"") | V143: =SUMIFS(DATA!$L:$L,DATA!$O:$O,$B143,DATA!$N:$N,$A143,DATA!$M:$M,'SALES BY SYSTEM'!$O$3) -> 0
A144: GENSHAI RICHMOND | B144: GENSHAI | C144: =VLOOKUP(A144,CUSTOMER!$A:$C,3,0) -> HD_NXI | D144: KA HCM1 | E144: =VLOOKUP(A144,CUSTOMER!$A$2:$H$1094,5,0) -> TRAN THI THAO NGUYEN | F144: =VLOOKUP(A144,CUSTOMER!$A$2:$I$1094,6,0) -> NGUYEN THI MUON | G144: "NO PG" | H144: =SUM(K144,N144,Q144,T144) -> 6719737.4 | I144: =IFERROR(J144/H144,"") -> 0 | J144: =SUM(M144,P144,S144,V144) -> 0 | K144: 0 | L144: =IFERROR(M144/K144,"") | M144: =SUMIFS(DATA!$L:$L,DATA!$O:$O,$B144,DATA!$N:$N,$A144,DATA!$M:$M,'SALES BY SYSTEM'!$O$1) -> 0 | N144: 1740668.9 | O144: =IFERROR(P144/N144,"") -> 0 | P144: =SUMIFS(DATA!$L:$L,DATA!$O:$O,$B144,DATA!$N:$N,$A144,DATA!$M:$M,'SALES BY SYSTEM'!$O$2) -> 0 | Q144: 4979068.6 | R144: =IFERROR(S144/Q144,"") -> 0 | S144: =SUMIFS(DATA!$L:$L,DATA!$O:$O,$B144,DATA!$N:$N,$A144,DATA!$M:$M,'SALES BY SYSTEM'!$O$4) -> 0 | T144: 0 | U144: =IFERROR(V144/T144,"") | V144: =SUMIFS(DATA!$L:$L,DATA!$O:$O,$B144,DATA!$N:$N,$A144,DATA!$M:$M,'SALES BY SYSTEM'!$O$3) -> 0
A145: COOP BINH DUONG | B145: COOP MART | C145: =VLOOKUP(A145,CUSTOMER!$A:$C,3,0) -> COOP_BDUONG | D145: KA HCM1 | E145: =VLOOKUP(A145,CUSTOMER!$A$2:$H$1094,5,0) -> VAVANCY-VU MINH TUAN | F145: =VLOOKUP(A145,CUSTOMER!$A$2:$I$1094,6,0) -> VACANCY | G145: "NO PG" | H145: =SUM(K145,N145,Q145,T145) -> 5723923.7 | I145: =IFERROR(J145/H145,"") -> 0 | J145: =SUM(M145,P145,S145,V145) -> 0 | K145: 0 | L145: =IFERROR(M145/K145,"") | M145: =SUMIFS(DATA!$L:$L,DATA!$O:$O,$B145,DATA!$N:$N,$A145,DATA!$M:$M,'SALES BY SYSTEM'!$O$1) -> 0 | N145: 1740668.9 | O145: =IFERROR(P145/N145,"") -> 0 | P145: =SUMIFS(DATA!$L:$L,DATA!$O:$O,$B145,DATA!$N:$N,$A145,DATA!$M:$M,'SALES BY SYSTEM'!$O$2) -> 0 | Q145: 3983254.9 | R145: =IFERROR(S145/Q145,"") -> 0 | S145: =SUMIFS(DATA!$L:$L,DATA!$O:$O,$B145,DATA!$N:$N,$A145,DATA!$M:$M,'SALES BY SYSTEM'!$O$4) -> 0 | T145: 0 | U145: =IFERROR(V145/T145,"") | V145: =SUMIFS(DATA!$L:$L,DATA!$O:$O,$B145,DATA!$N:$N,$A145,DATA!$M:$M,'SALES BY SYSTEM'!$O$3) -> 0
A146: COOP BINH DUONG 2 | B146: COOP MART | C146: =VLOOKUP(A146,CUSTOMER!$A:$C,3,0) -> COOP_BDUONG2 | D146: KA HCM1 | E146: =VLOOKUP(A146,CUSTOMER!$A$2:$H$1094,5,0) -> VAVANCY-VU MINH TUAN | F146: =VLOOKUP(A146,CUSTOMER!$A$2:$I$1094,6,0) -> VACANCY | G146: "NO PG" | H146: =SUM(K146,N146,Q146,T146) -> 5723923.7 | I146: =IFERROR(J146/H146,"") -> 0 | J146: =SUM(M146,P146,S146,V146) -> 0 | K146: 0 | L146: =IFERROR(M146/K146,"") | M146: =SUMIFS(DATA!$L:$L,DATA!$O:$O,$B146,DATA!$N:$N,$A146,DATA!$M:$M,'SALES BY SYSTEM'!$O$1) -> 0 | N146: 1740668.9 | O146: =IFERROR(P146/N146,"") -> 0 | P146: =SUMIFS(DATA!$L:$L,DATA!$O:$O,$B146,DATA!$N:$N,$A146,DATA!$M:$M,'SALES BY SYSTEM'!$O$2) -> 0 | Q146: 3983254.9 | R146: =IFERROR(S146/Q146,"") -> 0 | S146: =SUMIFS(DATA!$L:$L,DATA!$O:$O,$B146,DATA!$N:$N,$A146,DATA!$M:$M,'SALES BY SYSTEM'!$O$4) -> 0 | T146: 0 | U146: =IFERROR(V146/T146,"") | V146: =SUMIFS(DATA!$L:$L,DATA!$O:$O,$B146,DATA!$N:$N,$A146,DATA!$M:$M,'SALES BY SYSTEM'!$O$3) -> 0
... A169: COOP HA TIEN | B169: COOP MART | C169: =VLOOKUP(A169,CUSTOMER!$A:$C,3,0) -> COOP_HTIEN | D169: KA HCM1 | E169: =VLOOKUP(A169,CUSTOMER!$A$2:$H$1094,5,0) -> VAVANCY-VU MINH TUAN | F169: =VLOOKUP(A169,CUSTOMER!$A$2:$I$1094,6,0) -> VACANCY | G169: "NO PG" | H169: =SUM(K169,N169,Q169,T169) -> 4728110 | I169: =IFERROR(J169/H169,"") -> 0 | J169: =SUM(M169,P169,S169,V169) -> 0 | K169: 0 | L169: =IFERROR(M169/K169,"") | M169: =SUMIFS(DATA!$L:$L,DATA!$O:$O,$B169,DATA!$N:$N,$A169,DATA!$M:$M,'SALES BY SYSTEM'!$O$1) -> 0 | N169: 1740668.9 | O169: =IFERROR(P169/N169,"") -> 0 | P169: =SUMIFS(DATA!$L:$L,DATA!$O:$O,$B169,DATA!$N:$N,$A169,DATA!$M:$M,'SALES BY SYSTEM'!$O$2) -> 0 | Q169: 2987441.1 | R169: =IFERROR(S169/Q169,"") -> 0 | S169: =SUMIFS(DATA!$L:$L,DATA!$O:$O,$B169,DATA!$N:$N,$A169,DATA!$M:$M,'SALES BY SYSTEM'!$O$4) -> 0 | T169: 0 | U169: =IFERROR(V169/T169,"") | V169: =SUMIFS(DATA!$L:$L,DATA!$O:$O,$B169,DATA!$N:$N,$A169,DATA!$M:$M,'SALES BY SYSTEM'!$O$3) -> 0
A170: LOTTE TAN BINH | B170: LOTTE | C170: =VLOOKUP(A170,CUSTOMER!$A:$C,3,0) -> LOTTE_TBINH | D170: KA HCM1 | E170: =VLOOKUP(A170,CUSTOMER!$A$2:$H$1094,5,0) -> TRAN THI THAO NGUYEN | F170: =VLOOKUP(A170,CUSTOMER!$A$2:$I$1094,6,0) -> NGUYEN THI MUON | G170: =VLOOKUP(A170,CUSTOMER!$A$1:$J$1160,7,0) -> "NO PG" | H170: =SUM(K170,N170,Q170,T170) -> 9092139.2 | I170: =IFERROR(J170/H170,"") -> 0 | J170: =SUM(M170,P170,S170,V170) -> 0 | K170: 0 | L170: =IFERROR(M170/K170,"") | M170: =SUMIFS(DATA!$L:$L,DATA!$O:$O,$B170,DATA!$N:$N,$A170,DATA!$M:$M,'SALES BY SYSTEM'!$O$1) -> 0 | N170: 1604679.1 | O170: =IFERROR(P170/N170,"") -> 0 | P170: =SUMIFS(DATA!$L:$L,DATA!$O:$O,$B170,DATA!$N:$N,$A170,DATA!$M:$M,'SALES BY SYSTEM'!$O$2) -> 0 | Q170: 7487460.1 | R170: =IFERROR(S170/Q170,"") -> 0 | S170: =SUMIFS(DATA!$L:$L,DATA!$O:$O,$B170,DATA!$N:$N,$A170,DATA!$M:$M,'SALES BY SYSTEM'!$O$4) -> 0 | T170: 0 | U170: =IFERROR(V170/T170,"") | V170: =SUMIFS(DATA!$L:$L,DATA!$O:$O,$B170,DATA!$N:$N,$A170,DATA!$M:$M,'SALES BY SYSTEM'!$O$3) -> 0
A171: LOTTE VINH | B171: LOTTE | C171: =VLOOKUP(A171,CUSTOMER!$A:$C,3,0) -> LOTTE_VINH | D171: KA HCM1 | E171: =VLOOKUP(A171,CUSTOMER!$A$2:$H$1094,5,0) -> TRAN THI THAO NGUYEN | F171: =VLOOKUP(A171,CUSTOMER!$A$2:$I$1094,6,0) -> "NO SALE" | G171: =VLOOKUP(A171,CUSTOMER!$A$1:$J$1160,7,0) -> "NO PG" | H171: =SUM(K171,N171,Q171,T171) -> 20488190 | I171: =IFERROR(J171/H171,"") -> 0 | J171: =SUM(M171,P171,S171,V171) -> 0 | K171: 0 | L171: =IFERROR(M171/K171,"") | M171: =SUMIFS(DATA!$L:$L,DATA!$O:$O,$B171,DATA!$N:$N,$A171,DATA!$M:$M,'SALES BY SYSTEM'!$O$1) -> 0 | N171: 1404132.1 | O171: =IFERROR(P171/N171,"") -> 0 | P171: =SUMIFS(DATA!$L:$L,DATA!$O:$O,$B171,DATA!$N:$N,$A171,DATA!$M:$M,'SALES BY SYSTEM'!$O$2) -> 0 | Q171: 19084058 | R171: =IFERROR(S171/Q171,"") -> 0 | S171: =SUMIFS(DATA!$L:$L,DATA!$O:$O,$B171,DATA!$N:$N,$A171,DATA!$M:$M,'SALES BY SYSTEM'!$O$4) -> 0 | T171: 0 | U171: =IFERROR(V171/T171,"") | V171: =SUMIFS(DATA!$L:$L,DATA!$O:$O,$B171,DATA!$N:$N,$A171,DATA!$M:$M,'SALES BY SYSTEM'!$O$3) -> 0
A172: LOTTE BINH DUONG | B172: LOTTE | C172: =VLOOKUP(A172,CUSTOMER!$A:$C,3,0) -> LOTTE_BDUONG | D172: KA HCM1 | E172: =VLOOKUP(A172,CUSTOMER!$A$2:$H$1094,5,0) -> TRAN THI THAO NGUYEN | F172: =VLOOKUP(A172,CUSTOMER!$A$2:$I$1094,6,0) -> VACANCY | G172: =VLOOKUP(A172,CUSTOMER!$A$1:$J$1160,7,0) -> "NO PG" | H172: =SUM(K172,N172,Q172,T172) -> 16142925 | I172: =IFERROR(J172/H172,"") -> 0 | J172: =SUM(M172,P172,S172,V172) -> 0 | K172: 0 | L172: =IFERROR(M172/K172,"") | M172: =SUMIFS(DATA!$L:$L,DATA!$O:$O,$B172,DATA!$N:$N,$A172,DATA!$M:$M,'SALES BY SYSTEM'!$O$1) -> 0 | N172: 1404131.5 | O172: =IFERROR(P172/N172,"") -> 0 | P172: =SUMIFS(DATA!$L:$L,DATA!$O:$O,$B172,DATA!$N:$N,$A172,DATA!$M:$M,'SALES BY SYSTEM'!$O$2) -> 0 | Q172: 14738793 | R172: =IFERROR(S172/Q172,"") -> 0 | S172: =SUMIFS(DATA!$L:$L,DATA!$O:$O,$B172,DATA!$N:$N,$A172,DATA!$M:$M,'SALES BY SYSTEM'!$O$4) -> 0 | T172: 0 | U172: =IFERROR(V172/T172,"") | V172: =SUMIFS(DATA!$L:$L,DATA!$O:$O,$B172,DATA!$N:$N,$A172,DATA!$M:$M,'SALES BY SYSTEM'!$O$3) -> 0
A173: LOTTE BIEN HOA | B173: LOTTE | C173: =VLOOKUP(A173,CUSTOMER!$A:$C,3,0) -> LOTTE_BHOA | D173: KA HCM1 | E173: =VLOOKUP(A173,CUSTOMER!$A$2:$H$1094,5,0) -> TRAN THI THAO NGUYEN | F173: =VLOOKUP(A173,CUSTOMER!$A$2:$I$1094,6,0) -> TRAN THI NHAN | G173: =VLOOKUP(A173,CUSTOMER!$A$1:$J$1160,7,0) -> "NO PG" | H173: =SUM(K173,N173,Q173,T173) -> 11797660 | I173: =IFERROR(J173/H173,"") -> 0 | J173: =SUM(M173,P173,S173,V173) -> 0 | K173: 0 | L173: =IFERROR(M173/K173,"") | M173: =SUMIFS(DATA!$L:$L,DATA!$O:$O,$B173,DATA!$N:$N,$A173,DATA!$M:$M,'SALES BY SYSTEM'!$O$1) -> 0 | N173: 1404131.5 | O173: =IFERROR(P173/N173,"") -> 0 | P173: =SUMIFS(DATA!$L:$L,DATA!$O:$O,$B173,DATA!$N:$N,$A173,DATA!$M:$M,'SALES BY SYSTEM'!$O$2) -> 0 | Q173: 10393528 | R173: =IFERROR(S173/Q173,"") -> 0 | S173: =SUMIFS(DATA!$L:$L,DATA!$O:$O,$B173,DATA!$N:$N,$A173,DATA!$M:$M,'SALES BY SYSTEM'!$O$4) -> 0 | T173: 0 | U173: =IFERROR(V173/T173,"") | V173: =SUMIFS(DATA!$L:$L,DATA!$O:$O,$B173,DATA!$N:$N,$A173,DATA!$M:$M,'SALES BY SYSTEM'!$O$3) -> 0
A174: BIG C GO VAP | B174: BIG C | C174: =VLOOKUP(A174,CUSTOMER!$A:$C,3,0) -> BIGC_GVAP | D174: KA HCM1 | E174: =VLOOKUP(A174,CUSTOMER!$A$2:$H$1094,5,0) -> LE NAM PHUONG | F174: =VLOOKUP(A174,CUSTOMER!$A$2:$I$1094,6,0) -> NGUYEN THI OANH | G174: "NO PG" | H174: =SUM(K174,N174,Q174,T174) -> 9023057.9 | I174: =IFERROR(J174/H174,"") -> 0 | J174: =SUM(M174,P174,S174,V174) -> 0 | K174: 0 | L174: =IFERROR(M174/K174,"") | M174: =SUMIFS(DATA!$L:$L,DATA!$O:$O,$B174,DATA!$N:$N,$A174,DATA!$M:$M,'SALES BY SYSTEM'!$O$1) -> 0 | N174: 1305501.6 | O174: =IFERROR(P174/N174,"") -> 0 | P174: =SUMIFS(DATA!$L:$L,DATA!$O:$O,$B174,DATA!$N:$N,$A174,DATA!$M:$M,'SALES BY SYSTEM'!$O$2) -> 0 | Q174: 7717556.3 | R174: =IFERROR(S174/Q174,"") -> 0 | S174: =SUMIFS(DATA!$L:$L,DATA!$O:$O,$B174,DATA!$N:$N,$A174,DATA!$M:$M,'SALES BY SYSTEM'!$O$4) -> 0 | T174: 0 | U174: =IFERROR(V174/T174,"") | V174: =SUMIFS(DATA!$L:$L,DATA!$O:$O,$B174,DATA!$N:$N,$A174,DATA!$M:$M,'SALES BY SYSTEM'!$O$3) -> 0
A175: BIG C PHU THANH | B175: BIG C | C175: =VLOOKUP(A175,CUSTOMER!$A:$C,3,0) -> BIGC_PTHANH | D175: KA HCM1 | E175: =VLOOKUP(A175,CUSTOMER!$A$2:$H$1094,5,0) -> LE NAM PHUONG | F175: =VLOOKUP(A175,CUSTOMER!$A$2:$I$1094,6,0) -> NGUYEN THI OANH | G175: "NO PG" | H175: =SUM(K175,N175,Q175,T175) -> 8774104.5 | I175: =IFERROR(J175/H175,"") -> 0 | J175: =SUM(M175,P175,S175,V175) -> 0 | K175: 0 | L175: =IFERROR(M175/K175,"") | M175: =SUMIFS(DATA!$L:$L,DATA!$O:$O,$B175,DATA!$N:$N,$A175,DATA!$M:$M,'SALES BY SYSTEM'!$O$1) -> 0 | N175: 1305501.6 | O175: =IFERROR(P175/N175,"") -> 0 | P175: =SUMIFS(DATA!$L:$L,DATA!$O:$O,$B175,DATA!$N:$N,$A175,DATA!$M:$M,'SALES BY SYSTEM'!$O$2) -> 0 | Q175: 7468602.9 | R175: =IFERROR(S175/Q175,"") -> 0 | S175: =SUMIFS(DATA!$L:$L,DATA!$O:$O,$B175,DATA!$N:$N,$A175,DATA!$M:$M,'SALES BY SYSTEM'!$O$4) -> 0 | T175: 0 | U175: =IFERROR(V175/T175,"") | V175: =SUMIFS(DATA!$L:$L,DATA!$O:$O,$B175,DATA!$N:$N,$A175,DATA!$M:$M,'SALES BY SYSTEM'!$O$3) -> 0
A176: SIEU THI AN PHU | B176: SIEU THI AN PHU | C176: =VLOOKUP(A176,CUSTOMER!$A:$C,3,0) -> 2059 | D176: KA HCM1 | E176: =VLOOKUP(A176,CUSTOMER!$A$2:$H$1094,5,0) -> LE NAM PHUONG | F176: =VLOOKUP(A176,CUSTOMER!$A$2:$I$1094,6,0) -> VU THUY MINH THAO | G176: "NO PG" | H176: =SUM(K176,N176,Q176,T176) -> 6284570.2 | I176: =IFERROR(J176/H176,"") -> 0 | J176: =SUM(M176,P176,S176,V176) -> 0 | K176: 0 | L176: =IFERROR(M176/K176,"") | M176: =SUMIFS(DATA!$L:$L,DATA!$O:$O,$B176,DATA!$N:$N,$A176,DATA!$M:$M,'SALES BY SYSTEM'!$O$1) -> 0 | N176: 1305501.6 | O176: =IFERROR(P176/N176,"") -> 0 | P176: =SUMIFS(DATA!$L:$L,DATA!$O:$O,$B176,DATA!$N:$N,$A176,DATA!$M:$M,'SALES BY SYSTEM'!$O$2) -> 0 | Q176: 4979068.6 | R176: =IFERROR(S176/Q176,"") -> 0 | S176: =SUMIFS(DATA!$L:$L,DATA!$O:$O,$B176,DATA!$N:$N,$A176,DATA!$M:$M,'SALES BY SYSTEM'!$O$4) -> 0 | T176: 0 | U176: =IFERROR(V176/T176,"") | V176: =SUMIFS(DATA!$L:$L,DATA!$O:$O,$B176,DATA!$N:$N,$A176,DATA!$M:$M,'SALES BY SYSTEM'!$O$3) -> 0
A177: COOP BIEN HOA | B177: COOP MART | C177: =VLOOKUP(A177,CUSTOMER!$A:$C,3,0) -> COOP_BHOA | D177: KA HCM1 | E177: =VLOOKUP(A177,CUSTOMER!$A$2:$H$1094,5,0) -> VAVANCY-VU MINH TUAN | F177: =VLOOKUP(A177,CUSTOMER!$A$2:$I$1094,6,0) -> TRAN THI NHAN | G177: "NO PG" | H177: =SUM(K177,N177,Q177,T177) -> 4292942.8 | I177: =IFERROR(J177/H177,"") -> 0 | J177: =SUM(M177,P177,S177,V177) -> 0 | K177: 0 | L177: =IFERROR(M177/K177,"") | M177: =SUMIFS(DATA!$L:$L,DATA!$O:$O,$B177,DATA!$N:$N,$A177,DATA!$M:$M,'SALES BY SYSTEM'!$O$1) -> 0 | N177: 1305501.6 | O177: =IFERROR(P177/N177,"") -> 0 | P177: =SUMIFS(DATA!$L:$L,DATA!$O:$O,$B177,DATA!$N:$N,$A177,DATA!$M:$M,'SALES BY SYSTEM'!$O$2) -> 0 | Q177: 2987441.1 | R177: =IFERROR(S177/Q177,"") -> 0 | S177: =SUMIFS(DATA!$L:$L,DATA!$O:$O,$B177,DATA!$N:$N,$A177,DATA!$M:$M,'SALES BY SYSTEM'!$O$4) -> 0 | T177: 0 | U177: =IFERROR(V177/T177,"") | V177: =SUMIFS(DATA!$L:$L,DATA!$O:$O,$B177,DATA!$N:$N,$A177,DATA!$M:$M,'SALES BY SYSTEM'!$O$3) -> 0
A178: COOP GOLDENSILK | B178: COOP MART | C178: =VLOOKUP(A178,CUSTOMER!$A:$C,3,0) -> COOP_AUC_GOLDEN | D178: KA HCM1 | E178: =VLOOKUP(A178,CUSTOMER!$A$2:$H$1094,5,0) -> VAVANCY-VU MINH TUAN | F178: =VLOOKUP(A178,CUSTOMER!$A$2:$I$1094,6,0) -> LE THI HONG DIEP | G178: "NO PG" | H178: =SUM(K178,N178,Q178,T178) -> 4292942.8 | I178: =IFERROR(J178/H178,"") -> 0 | J178: =SUM(M178,P178,S178,V178) -> 0 | K178: 0 | L178: =IFERROR(M178/K178,"") | M178: =SUMIFS(DATA!$L:$L,DATA!$O:$O,$B178,DATA!$N:$N,$A178,DATA!$M:$M,'SALES BY SYSTEM'!$O$1) -> 0 | N178: 1305501.6 | O178: =IFERROR(P178/N178,"") -> 0 | P178: =SUMIFS(DATA!$L:$L,DATA!$O:$O,$B178,DATA!$N:$N,$A178,DATA!$M:$M,'SALES BY SYSTEM'!$O$2) -> 0 | Q178: 2987441.1 | R178: =IFERROR(S178/Q178,"") -> 0 | S178: =SUMIFS(DATA!$L:$L,DATA!$O:$O,$B178,DATA!$N:$N,$A178,DATA!$M:$M,'SALES BY SYSTEM'!$O$4) -> 0 | T178: 0 | U178: =IFERROR(V178/T178,"") | V178: =SUMIFS(DATA!$L:$L,DATA!$O:$O,$B178,DATA!$N:$N,$A178,DATA!$M:$M,'SALES BY SYSTEM'!$O$3) -> 0
A179: COOP HA DONG | B179: COOP MART | C179: =VLOOKUP(A179,CUSTOMER!$A:$C,3,0) -> COOP_HDONG | D179: KA HCM1 | E179: =VLOOKUP(A179,CUSTOMER!$A$2:$H$1094,5,0) -> VAVANCY-VU MINH TUAN | F179: =VLOOKUP(A179,CUSTOMER!$A$2:$I$1094,6,0) -> LE THI HONG DIEP | G179: "NO PG" | H179: =SUM(K179,N179,Q179,T179) -> 4292942.8 | I179: =IFERROR(J179/H179,"") -> 0 | J179: =SUM(M179,P179,S179,V179) -> 0 | K179: 0 | L179: =IFERROR(M179/K179,"") | M179: =SUMIFS(DATA!$L:$L,DATA!$O:$O,$B179,DATA!$N:$N,$A179,DATA!$M:$M,'SALES BY SYSTEM'!$O$1) -> 0 | N179: 1305501.6 | O179: =IFERROR(P179/N179,"") -> 0 | P179: =SUMIFS(DATA!$L:$L,DATA!$O:$O,$B179,DATA!$N:$N,$A179,DATA!$M:$M,'SALES BY SYSTEM'!$O$2) -> 0 | Q179: 2987441.1 | R179: =IFERROR(S179/Q179,"") -> 0 | S179: =SUMIFS(DATA!$L:$L,DATA!$O:$O,$B179,DATA!$N:$N,$A179,DATA!$M:$M,'SALES BY SYSTEM'!$O$4) -> 0 | T179: 0 | U179: =IFERROR(V179/T179,"") | V179: =SUMIFS(DATA!$L:$L,DATA!$O:$O,$B179,DATA!$N:$N,$A179,DATA!$M:$M,'SALES BY SYSTEM'!$O$3) -> 0
A180: COOP HA NOI | B180: COOP MART | C180: =VLOOKUP(A180,CUSTOMER!$A:$C,3,0) -> COOP_HNOI | D180: KA HCM1 | E180: =VLOOKUP(A180,CUSTOMER!$A$2:$H$1094,5,0) -> VAVANCY-VU MINH TUAN | F180: =VLOOKUP(A180,CUSTOMER!$A$2:$I$1094,6,0) -> LE THI HONG DIEP | G180: "NO PG" | H180: =SUM(K180,N180,Q180,T180) -> 4292942.8 | I180: =IFERROR(J180/H180,"") -> 0 | J180: =SUM(M180,P180,S180,V180) -> 0 | K180: 0 | L180: =IFERROR(M180/K180,"") | M180: =SUMIFS(DATA!$L:$L,DATA!$O:$O,$B180,DATA!$N:$N,$A180,DATA!$M:$M,'SALES BY SYSTEM'!$O$1) -> 0 | N180: 1305501.6 | O180: =IFERROR(P180/N180,"") -> 0 | P180: =SUMIFS(DATA!$L:$L,DATA!$O:$O,$B180,DATA!$N:$N,$A180,DATA!$M:$M,'SALES BY SYSTEM'!$O$2) -> 0 | Q180: 2987441.1 | R180: =IFERROR(S180/Q180,"") -> 0 | S180: =SUMIFS(DATA!$L:$L,DATA!$O:$O,$B180,DATA!$N:$N,$A180,DATA!$M:$M,'SALES BY SYSTEM'!$O$4) -> 0 | T180: 0 | U180: =IFERROR(V180/T180,"") | V180: =SUMIFS(DATA!$L:$L,DATA!$O:$O,$B180,DATA!$N:$N,$A180,DATA!$M:$M,'SALES BY SYSTEM'!$O$3) -> 0
A181: COOP NGUYEN LUONG BANG | B181: COOP FOOD | C181: =VLOOKUP(A181,CUSTOMER!$A:$C,3,0) -> COOP_NLB | D181: KA HCM1 | E181: =VLOOKUP(A181,CUSTOMER!$A$2:$H$1094,5,0) -> VAVANCY-VU MINH TUAN | F181: =VLOOKUP(A181,CUSTOMER!$A$2:$I$1094,6,0) -> TRAN THI THANH TRUC | G181: "NO PG" | H181: =SUM(K181,N181,Q181,T181) -> 4292942.8 | I181: =IFERROR(J181/H181,"") -> 0 | J181: =SUM(M181,P181,S181,V181) -> 0 | K181: 0 | L181: =IFERROR(M181/K181,"") | M181: =SUMIFS(DATA!$L:$L,DATA!$O:$O,$B181,DATA!$N:$N,$A181,DATA!$M:$M,'SALES BY SYSTEM'!$O$1) -> 0 | N181: 1305501.6 | O181: =IFERROR(P181/N181,"") -> 0 | P181: =SUMIFS(DATA!$L:$L,DATA!$O:$O,$B181,DATA!$N:$N,$A181,DATA!$M:$M,'SALES BY SYSTEM'!$O$2) -> 0 | Q181: 2987441.1 | R181: =IFERROR(S181/Q181,"") -> 0 | S181: =SUMIFS(DATA!$L:$L,DATA!$O:$O,$B181,DATA!$N:$N,$A181,DATA!$M:$M,'SALES BY SYSTEM'!$O$4) -> 0 | T181: 0 | U181: =IFERROR(V181/T181,"") | V181: =SUMIFS(DATA!$L:$L,DATA!$O:$O,$B181,DATA!$N:$N,$A181,DATA!$M:$M,'SALES BY SYSTEM'!$O$3) -> 0
A182: COOP PHAN VAN TRI | B182: COOP MART | C182: =VLOOKUP(A182,CUSTOMER!$A:$C,3,0) -> COOP_PVTRI | D182: KA HCM1 | E182: =VLOOKUP(A182,CUSTOMER!$A$2:$H$1094,5,0) -> VAVANCY-VU MINH TUAN | F182: =VLOOKUP(A182,CUSTOMER!$A$2:$I$1094,6,0) -> TRAN THI THANH TRUC | G182: "NO PG" | H182: =SUM(K182,N182,Q182,T182) -> 4292942.8 | I182: =IFERROR(J182/H182,"") -> 0 | J182: =SUM(M182,P182,S182,V182) -> 0 | K182: 0 | L182: =IFERROR(M182/K182,"") | M182: =SUMIFS(DATA!$L:$L,DATA!$O:$O,$B182,DATA!$N:$N,$A182,DATA!$M:$M,'SALES BY SYSTEM'!$O$1) -> 0 | N182: 1305501.6 | O182: =IFERROR(P182/N182,"") -> 0 | P182: =SUMIFS(DATA!$L:$L,DATA!$O:$O,$B182,DATA!$N:$N,$A182,DATA!$M:$M,'SALES BY SYSTEM'!$O$2) -> 0 | Q182: 2987441.1 | R182: =IFERROR(S182/Q182,"") -> 0 | S182: =SUMIFS(DATA!$L:$L,DATA!$O:$O,$B182,DATA!$N:$N,$A182,DATA!$M:$M,'SALES BY SYSTEM'!$O$4) -> 0 | T182: 0 | U182: =IFERROR(V182/T182,"") | V182: =SUMIFS(DATA!$L:$L,DATA!$O:$O,$B182,DATA!$N:$N,$A182,DATA!$M:$M,'SALES BY SYSTEM'!$O$3) -> 0
A183: COOP PHU LAM | B183: COOP MART | C183: =VLOOKUP(A183,CUSTOMER!$A:$C,3,0) -> COOP_PLAM | D183: KA HCM1 | E183: =VLOOKUP(A183,CUSTOMER!$A$2:$H$1094,5,0) -> VAVANCY-VU MINH TUAN | F183: =VLOOKUP(A183,CUSTOMER!$A$2:$I$1094,6,0) -> TRAN THI THANH TRUC | G183: "NO PG" | H183: =SUM(K183,N183,Q183,T183) -> 4292942.8 | I183: =IFERROR(J183/H183,"") -> 0 | J183: =SUM(M183,P183,S183,V183) -> 0 | K183: 0 | L183: =IFERROR(M183/K183,"") | M183: =SUMIFS(DATA!$L:$L,DATA!$O:$O,$B183,DATA!$N:$N,$A183,DATA!$M:$M,'SALES BY SYSTEM'!$O$1) -> 0 | N183: 1305501.6 | O183: =IFERROR(P183/N183,"") -> 0 | P183: =SUMIFS(DATA!$L:$L,DATA!$O:$O,$B183,DATA!$N:$N,$A183,DATA!$M:$M,'SALES BY SYSTEM'!$O$2) -> 0 | Q183: 2987441.1 | R183: =IFERROR(S183/Q183,"") -> 0 | S183: =SUMIFS(DATA!$L:$L,DATA!$O:$O,$B183,DATA!$N:$N,$A183,DATA!$M:$M,'SALES BY SYSTEM'!$O$4) -> 0 | T183: 0 | U183: =IFERROR(V183/T183,"") | V183: =SUMIFS(DATA!$L:$L,DATA!$O:$O,$B183,DATA!$N:$N,$A183,DATA!$M:$M,'SALES BY SYSTEM'!$O$3) -> 0
A184: COOP PHU THO 1 | B184: COOP MART | C184: =VLOOKUP(A184,CUSTOMER!$A:$C,3,0) -> COOP_PTHO | D184: KA HCM1 | E184: =VLOOKUP(A184,CUSTOMER!$A$2:$H$1094,5,0) -> VAVANCY-VU MINH TUAN | F184: =VLOOKUP(A184,CUSTOMER!$A$2:$I$1094,6,0) -> TRAN THI THANH TRUC | G184: "NO PG" | H184: =SUM(K184,N184,Q184,T184) -> 4292942.8 | I184: =IFERROR(J184/H184,"") -> 0 | J184: =SUM(M184,P184,S184,V184) -> 0 | K184: 0 | L184: =IFERROR(M184/K184,"") | M184: =SUMIFS(DATA!$L:$L,DATA!$O:$O,$B184,DATA!$N:$N,$A184,DATA!$M:$M,'SALES BY SYSTEM'!$O$1) -> 0 | N184: 1305501.6 | O184: =IFERROR(P184/N184,"") -> 0 | P184: =SUMIFS(DATA!$L:$L,DATA!$O:$O,$B184,DATA!$N:$N,$A184,DATA!$M:$M,'SALES BY SYSTEM'!$O$2) -> 0 | Q184: 2987441.1 | R184: =IFERROR(S184/Q184,"") -> 0 | S184: =SUMIFS(DATA!$L:$L,DATA!$O:$O,$B184,DATA!$N:$N,$A184,DATA!$M:$M,'SALES BY SYSTEM'!$O$4) -> 0 | T184: 0 | U184: =IFERROR(V184/T184,"") | V184: =SUMIFS(DATA!$L:$L,DATA!$O:$O,$B184,DATA!$N:$N,$A184,DATA!$M:$M,'SALES BY SYSTEM'!$O$3) -> 0
A185: COOP QUANG TRUNG | B185: COOP MART | C185: =VLOOKUP(A185,CUSTOMER!$A:$C,3,0) -> COOP_COSA | D185: KA HCM1 | E185: =VLOOKUP(A185,CUSTOMER!$A$2:$H$1094,5,0) -> VAVANCY-VU MINH TUAN | F185: =VLOOKUP(A185,CUSTOMER!$A$2:$I$1094,6,0) -> TRAN THI THANH TRUC | G185: "NO PG" | H185: =SUM(K185,N185,Q185,T185) -> 4292942.8 | I185: =IFERROR(J185/H185,"") -> 0 | J185: =SUM(M185,P185,S185,V185) -> 0 | K185: 0 | L185: =IFERROR(M185/K185,"") | M185: =SUMIFS(DATA!$L:$L,DATA!$O:$O,$B185,DATA!$N:$N,$A185,DATA!$M:$M,'SALES BY SYSTEM'!$O$1) -> 0 | N185: 1305501.6 | O185: =IFERROR(P185/N185,"") -> 0 | P185: =SUMIFS(DATA!$L:$L,DATA!$O:$O,$B185,DATA!$N:$N,$A185,DATA!$M:$M,'SALES BY SYSTEM'!$O$2) -> 0 | Q185: 2987441.1 | R185: =IFERROR(S185/Q185,"") -> 0 | S185: =SUMIFS(DATA!$L:$L,DATA!$O:$O,$B185,DATA!$N:$N,$A185,DATA!$M:$M,'SALES BY SYSTEM'!$O$4) -> 0 | T185: 0 | U185: =IFERROR(V185/T185,"") | V185: =SUMIFS(DATA!$L:$L,DATA!$O:$O,$B185,DATA!$N:$N,$A185,DATA!$M:$M,'SALES BY SYSTEM'!$O$3) -> 0
... A188: COOP TUY LY VUONG | B188: COOP MART | C188: =VLOOKUP(A188,CUSTOMER!$A:$C,3,0) -> COOP_TLV | D188: KA HCM1 | E188: =VLOOKUP(A188,CUSTOMER!$A$2:$H$1094,5,0) -> VAVANCY-VU MINH TUAN | F188: =VLOOKUP(A188,CUSTOMER!$A$2:$I$1094,6,0) -> TRAN THI THANH TRUC | G188: "NO PG" | H188: =SUM(K188,N188,Q188,T188) -> 4292942.8 | I188: =IFERROR(J188/H188,"") -> 0 | J188: =SUM(M188,P188,S188,V188) -> 0 | K188: 0 | L188: =IFERROR(M188/K188,"") | M188: =SUMIFS(DATA!$L:$L,DATA!$O:$O,$B188,DATA!$N:$N,$A188,DATA!$M:$M,'SALES BY SYSTEM'!$O$1) -> 0 | N188: 1305501.6 | O188: =IFERROR(P188/N188,"") -> 0 | P188: =SUMIFS(DATA!$L:$L,DATA!$O:$O,$B188,DATA!$N:$N,$A188,DATA!$M:$M,'SALES BY SYSTEM'!$O$2) -> 0 | Q188: 2987441.1 | R188: =IFERROR(S188/Q188,"") -> 0 | S188: =SUMIFS(DATA!$L:$L,DATA!$O:$O,$B188,DATA!$N:$N,$A188,DATA!$M:$M,'SALES BY SYSTEM'!$O$4) -> 0 | T188: 0 | U188: =IFERROR(V188/T188,"") | V188: =SUMIFS(DATA!$L:$L,DATA!$O:$O,$B188,DATA!$N:$N,$A188,DATA!$M:$M,'SALES BY SYSTEM'!$O$3) -> 0
A189: COOP VINH LOC B | B189: COOP MART | C189: =VLOOKUP(A189,CUSTOMER!$A:$C,3,0) -> COOP_VLOCB | D189: KA HCM1 | E189: =VLOOKUP(A189,CUSTOMER!$A$2:$H$1094,5,0) -> VAVANCY-VU MINH TUAN | F189: =VLOOKUP(A189,CUSTOMER!$A$2:$I$1094,6,0) -> TRAN THI THANH TRUC | G189: =VLOOKUP(A189,CUSTOMER!$A$2:$J$1094,7,0) -> "NO PG" | H189: =SUM(K189,N189,Q189,T189) -> 4292942.8 | I189: =IFERROR(J189/H189,"") -> 0 | J189: =SUM(M189,P189,S189,V189) -> 0 | K189: 0 | L189: =IFERROR(M189/K189,"") | M189: =SUMIFS(DATA!$L:$L,DATA!$O:$O,$B189,DATA!$N:$N,$A189,DATA!$M:$M,'SALES BY SYSTEM'!$O$1) -> 0 | N189: 1305501.6 | O189: =IFERROR(P189/N189,"") -> 0 | P189: =SUMIFS(DATA!$L:$L,DATA!$O:$O,$B189,DATA!$N:$N,$A189,DATA!$M:$M,'SALES BY SYSTEM'!$O$2) -> 0 | Q189: 2987441.1 | R189: =IFERROR(S189/Q189,"") -> 0 | S189: =SUMIFS(DATA!$L:$L,DATA!$O:$O,$B189,DATA!$N:$N,$A189,DATA!$M:$M,'SALES BY SYSTEM'!$O$4) -> 0 | T189: 0 | U189: =IFERROR(V189/T189,"") | V189: =SUMIFS(DATA!$L:$L,DATA!$O:$O,$B189,DATA!$N:$N,$A189,DATA!$M:$M,'SALES BY SYSTEM'!$O$3) -> 0
A190: COOP XA LO HA NOI | B190: COOP MART | C190: =VLOOKUP(A190,CUSTOMER!$A:$C,3,0) -> COOP_XLHN | D190: KA HCM1 | E190: =VLOOKUP(A190,CUSTOMER!$A$2:$H$1094,5,0) -> VAVANCY-VU MINH TUAN | F190: =VLOOKUP(A190,CUSTOMER!$A$2:$I$1094,6,0) -> TRAN THI THANH TRUC | G190: "NO PG" | H190: =SUM(K190,N190,Q190,T190) -> 4292942.8 | I190: =IFERROR(J190/H190,"") -> 0 | J190: =SUM(M190,P190,S190,V190) -> 0 | K190: 0 | L190: =IFERROR(M190/K190,"") | M190: =SUMIFS(DATA!$L:$L,DATA!$O:$O,$B190,DATA!$N:$N,$A190,DATA!$M:$M,'SALES BY SYSTEM'!$O$1) -> 0 | N190: 1305501.6 | O190: =IFERROR(P190/N190,"") -> 0 | P190: =SUMIFS(DATA!$L:$L,DATA!$O:$O,$B190,DATA!$N:$N,$A190,DATA!$M:$M,'SALES BY SYSTEM'!$O$2) -> 0 | Q190: 2987441.1 | R190: =IFERROR(S190/Q190,"") -> 0 | S190: =SUMIFS(DATA!$L:$L,DATA!$O:$O,$B190,DATA!$N:$N,$A190,DATA!$M:$M,'SALES BY SYSTEM'!$O$4) -> 0 | T190: 0 | U190: =IFERROR(V190/T190,"") | V190: =SUMIFS(DATA!$L:$L,DATA!$O:$O,$B190,DATA!$N:$N,$A190,DATA!$M:$M,'SALES BY SYSTEM'!$O$3) -> 0
...

Sheet SALE
A1: CÔNG TY TNHH VIỆT LIÊN
A2: Lầu 4, P.9, 105 Tôn Dật Tiên, P. Tân Phú, Q.7
A3: ĐT: 08.54136608 - Fax: 08. 54136607
A4: =CONCATENATE("SALES REPORT FOR MT'S SALE STAFF IN ",TEXT(E6,"mm")," / ",TEXT(E6,"yyyy")) -> SALES REPORT FOR MT'S SALE STAFF IN 01 / 2026
A5: =CONCATENATE("From ",TEXT(E6,"dd/mm/yyyy")," To ",TEXT(G6,"dd/mm/yyyy")) -> From 01/01/2026 To 31/01/2026
C6: 3 | D6: 2025 | E6: 46023 | F6: 2025 | G6: 46053 | I6: 46023
A7: No. | B7: NAME | C7: TOTAL TARGET | D7: SALE IN | E7: % | F7: COLEMAN | I7: FUJITSU | L7: BAKING SODA | O7: Commission | P7: COLEMAN | Q7: FUJITSU | R7: TOTAL BONUS | S7: NOTE
F8: TARGET | G8: SALE IN | H8: % | I8: TARGET | J8: SALE IN | K8: % | L8: TARGET | M8: SALE IN | N8: %
A9: 1 | B9: VU THUY MINH THAO | C9: =SUMIFS('SALE BY STORE'!$H:$H,'SALE BY STORE'!$F:$F,SALE!$B9) -> 4.6387069e+08 | D9: =SUMIFS('SALE BY STORE'!$J:$J,'SALE BY STORE'!$F:$F,SALE!$B9) -> 0 | E9: =D9/C9 -> 0 | F9: =SUMIFS('SALE BY STORE'!K:K,'SALE BY STORE'!F:F,SALE!$B9) -> 1.3385148e+08 | G9: =SUMIFS('SALE BY STORE'!$M$3:$M$947,'SALE BY STORE'!$F$3:$F$947,SALE!B9) -> 0 | H9: =IFERROR(G9/F9,"") -> 0 | I9: =SUMIFS('SALE BY STORE'!N:N,'SALE BY STORE'!F:F,SALE!$B9) -> 79635600 | J9: =SUMIFS('SALE BY STORE'!$P:$P,'SALE BY STORE'!$F:$F,SALE!$B9) -> 0 | K9: =J9/I9 -> 0 | L9: =SUMIFS('SALE BY STORE'!Q:Q,'SALE BY STORE'!F:F,SALE!$B9) -> 49494214 | M9: =SUMIFS('SALE BY STORE'!S:S,'SALE BY STORE'!F:F,SALE!B9) -> 0 | N9: =M9/L9 -> 0 | O9: =IF(AND(E9>=70%,E9<80%),1500000,IF(AND(E9>=80%,E9<90%),2000000,IF(AND(E9>=90%,E9<100%),2500000,IF(E9>=100%,3500000,0)))) -> 0 | Q9: =IF(AND(K9>=80%,K9<=90%),300000,IF(K9>90%,500000,0)) -> 0 | R9: =SUM(O9:Q9) -> 0
A10: 2 | B10: LE THI HONG DIEP | C10: =SUMIFS('SALE BY STORE'!$H:$H,'SALE BY STORE'!$F:$F,SALE!$B10) -> 2.1182846e+08 | D10: =SUMIFS('SALE BY STORE'!$J:$J,'SALE BY STORE'!$F:$F,SALE!$B10) -> 0 | E10: =D10/C10 -> 0 | F10: =SUMIFS('SALE BY STORE'!K:K,'SALE BY STORE'!F:F,SALE!$B10) -> 33106901 | G10: =SUMIFS('SALE BY STORE'!M4:M954,'SALE BY STORE'!F4:F954,SALE!B10) -> 0 | H10: =IFERROR(G10/F10,"") -> 0 | I10: =SUMIFS('SALE BY STORE'!N:N,'SALE BY STORE'!F:F,SALE!$B10) -> 24293057 | J10: =SUMIFS('SALE BY STORE'!$P:$P,'SALE BY STORE'!$F:$F,SALE!$B10) -> 0 | K10: =J10/I10 -> 0 | L10: =SUMIFS('SALE BY STORE'!Q:Q,'SALE BY STORE'!F:F,SALE!$B10) -> 1.5442851e+08 | M10: =SUMIFS('SALE BY STORE'!S:S,'SALE BY STORE'!F:F,SALE!B10) -> 0 | N10: =M10/L10 -> 0 | O10: =IF(AND(E10>=70%,E10<80%),1500000,IF(AND(E10>=80%,E10<90%),2000000,IF(AND(E10>=90%,E10<100%),2500000,IF(E10>=100%,3500000,0)))) -> 0 | Q10: =IF(AND(K10>=80%,K10<=90%),300000,IF(K10>90%,500000,0)) -> 0 | R10: =SUM(O10:Q10) -> 0
A11: 3 | B11: TRAN THI NHAN | C11: =SUMIFS('SALE BY STORE'!$H:$H,'SALE BY STORE'!$F:$F,SALE!$B11) -> 74012365 | D11: =SUMIFS('SALE BY STORE'!$J:$J,'SALE BY STORE'!$F:$F,SALE!$B11) -> 0 | E11: =D11/C11 -> 0 | F11: =SUMIFS('SALE BY STORE'!K:K,'SALE BY STORE'!F:F,SALE!$B11) -> 14169752 | G11: =SUMIFS('SALE BY STORE'!M5:M954,'SALE BY STORE'!F5:F954,SALE!B11) -> 0 | H11: =IFERROR(G11/F11,"") -> 0 | I11: =SUMIFS('SALE BY STORE'!N:N,'SALE BY STORE'!F:F,SALE!$B11) -> 8366807 | J11: =SUMIFS('SALE BY STORE'!$P:$P,'SALE BY STORE'!$F:$F,SALE!$B11) -> 0 | K11: =J11/I11 -> 0 | L11: =SUMIFS('SALE BY STORE'!Q:Q,'SALE BY STORE'!F:F,SALE!$B11) -> 51475806 | M11: =SUMIFS('SALE BY STORE'!S:S,'SALE BY STORE'!F:F,SALE!B11) -> 0 | N11: =M11/L11 -> 0 | O11: =IF(AND(E11>=70%,E11<80%),1500000,IF(AND(E11>=80%,E11<90%),2000000,IF(AND(E11>=90%,E11<100%),2500000,IF(E11>=100%,3500000,0)))) -> 0 | Q11: =IF(AND(K11>=80%,K11<=90%),300000,IF(K11>90%,500000,0)) -> 0 | R11: =SUM(O11:Q11) -> 0
A12: 4 | B12: TRAN THANH TUAN | C12: =SUMIFS('SALE BY STORE'!$H:$H,'SALE BY STORE'!$F:$F,SALE!$B12) -> 83355087 | D12: =SUMIFS('SALE BY STORE'!$J:$J,'SALE BY STORE'!$F:$F,SALE!$B12) -> 0 | E12: =D12/C12 -> 0 | F12: =SUMIFS('SALE BY STORE'!K:K,'SALE BY STORE'!F:F,SALE!$B12) -> 14169754 | G12: =SUMIFS('SALE BY STORE'!M5:M954,'SALE BY STORE'!F5:F954,SALE!B12) -> 0 | H12: =IFERROR(G12/F12,"") -> 0 | I12: =SUMIFS('SALE BY STORE'!N:N,'SALE BY STORE'!F:F,SALE!$B12) -> 10047705 | J12: =SUMIFS('SALE BY STORE'!$P:$P,'SALE BY STORE'!$F:$F,SALE!$B12) -> 0 | K12: =J12/I12 -> 0 | L12: =SUMIFS('SALE BY STORE'!Q:Q,'SALE BY STORE'!F:F,SALE!$B12) -> 59137629 | M12: =SUMIFS('SALE BY STORE'!S:S,'SALE BY STORE'!F:F,SALE!B12) -> 0 | N12: =M12/L12 -> 0 | O12: =IF(AND(E12>=70%,E12<80%),1500000,IF(AND(E12>=80%,E12<90%),2000000,IF(AND(E12>=90%,E12<100%),2500000,IF(E12>=100%,3500000,0)))) -> 0 | Q12: =IF(AND(K12>=80%,K12<=90%),300000,IF(K12>90%,500000,0)) -> 0 | R12: =SUM(O12:Q12) -> 0
A13: 5 | B13: TRAN THI THANH TRUC | C13: =SUMIFS('SALE BY STORE'!$H:$H,'SALE BY STORE'!$F:$F,SALE!$B13) -> 2.3240692e+08 | D13: =SUMIFS('SALE BY STORE'!$J:$J,'SALE BY STORE'!$F:$F,SALE!$B13) -> 0 | E13: =D13/C13 -> 0 | F13: =SUMIFS('SALE BY STORE'!K:K,'SALE BY STORE'!F:F,SALE!$B13) -> 0 | G13: =SUMIFS('SALE BY STORE'!M5:M954,'SALE BY STORE'!F5:F954,SALE!B13) -> 0 | H13: =IFERROR(G13/F13,"") | I13: =SUMIFS('SALE BY STORE'!N:N,'SALE BY STORE'!F:F,SALE!$B13) -> 73325676 | J13: =SUMIFS('SALE BY STORE'!$P:$P,'SALE BY STORE'!$F:$F,SALE!$B13) -> 0 | K13: =J13/I13 -> 0 | L13: =SUMIFS('SALE BY STORE'!Q:Q,'SALE BY STORE'!F:F,SALE!$B13) -> 1.5908124e+08 | M13: =SUMIFS('SALE BY STORE'!S:S,'SALE BY STORE'!F:F,SALE!B13) -> 0 | N13: =M13/L13 -> 0 | O13: =IF(AND(E13>=70%,E13<80%),1500000,IF(AND(E13>=80%,E13<90%),2000000,IF(AND(E13>=90%,E13<100%),2500000,IF(E13>=100%,3500000,0)))) -> 0 | Q13: =IF(AND(K13>=80%,K13<=90%),300000,IF(K13>90%,500000,0)) -> 0 | R13: =SUM(O13:Q13) -> 0
A14: 6 | B14: NGUYEN THI OANH | C14: =SUMIFS('SALE BY STORE'!$H:$H,'SALE BY STORE'!$F:$F,SALE!$B14) -> 77834136 | D14: =SUMIFS('SALE BY STORE'!$J:$J,'SALE BY STORE'!$F:$F,SALE!$B14) -> 0 | E14: =D14/C14 -> 0 | F14: =SUMIFS('SALE BY STORE'!K:K,'SALE BY STORE'!F:F,SALE!$B14) -> 0 | G14: =SUMIFS('SALE BY STORE'!M5:M954,'SALE BY STORE'!F5:F954,SALE!B14) -> 0 | H14: =IFERROR(G14/F14,"") | I14: =SUMIFS('SALE BY STORE'!N:N,'SALE BY STORE'!F:F,SALE!$B14) -> 11266479 | J14: =SUMIFS('SALE BY STORE'!$P:$P,'SALE BY STORE'!$F:$F,SALE!$B14) -> 0 | K14: =J14/I14 -> 0 | L14: =SUMIFS('SALE BY STORE'!Q:Q,'SALE BY STORE'!F:F,SALE!$B14) -> 66567657 | M14: =SUMIFS('SALE BY STORE'!S:S,'SALE BY STORE'!F:F,SALE!B14) -> 0 | N14: =M14/L14 -> 0 | O14: =IF(AND(E14>=70%,E14<80%),1500000,IF(AND(E14>=80%,E14<90%),2000000,IF(AND(E14>=90%,E14<100%),2500000,IF(E14>=100%,3500000,0)))) -> 0 | Q14: =IF(AND(K14>=80%,K14<=90%),300000,IF(K14>90%,500000,0)) -> 0 | R14: =SUM(O14:Q14) -> 0
A15: 7 | B15: HUYNH NGOC HIEU | C15: =SUMIFS('SALE BY STORE'!$H:$H,'SALE BY STORE'!$F:$F,SALE!$B15) -> 73078989 | D15: =SUMIFS('SALE BY STORE'!$J:$J,'SALE BY STORE'!$F:$F,SALE!$B15) -> 0 | E15: =D15/C15 -> 0 | F15: =SUMIFS('SALE BY STORE'!K:K,'SALE BY STORE'!F:F,SALE!$B15) -> 14169754 | G15: =SUMIFS('SALE BY STORE'!M5:M954,'SALE BY STORE'!F5:F954,SALE!B15) -> 0 | H15: =IFERROR(G15/F15,"") -> 0 | I15: =SUMIFS('SALE BY STORE'!N:N,'SALE BY STORE'!F:F,SALE!$B15) -> 11450173 | J15: =SUMIFS('SALE BY STORE'!$P:$P,'SALE BY STORE'!$F:$F,SALE!$B15) -> 0 | K15: =J15/I15 -> 0 | L15: =SUMIFS('SALE BY STORE'!Q:Q,'SALE BY STORE'!F:F,SALE!$B15) -> 47459063 | M15: =SUMIFS('SALE BY STORE'!S:S,'SALE BY STORE'!F:F,SALE!B15) -> 0 | N15: =M15/L15 -> 0 | O15: =IF(AND(E15>=70%,E15<80%),1500000,IF(AND(E15>=80%,E15<90%),2000000,IF(AND(E15>=90%,E15<100%),2500000,IF(E15>=100%,3500000,0)))) -> 0 | Q15: =IF(AND(K15>=80%,K15<=90%),300000,IF(K15>90%,500000,0)) -> 0 | R15: =SUM(O15:Q15) -> 0
A16: TOTAL | C16: =SUM(C9:C14) -> 1.1433077e+09 | D16: =SUM(D9:D14) -> 0 | E16: =D16/C16 -> 0 | F16: =SUM(F9:F12) -> 1.9529789e+08 | G16: =SUM(G9:G14) -> 0 | H16: =G16/F16 -> 0 | I16: =SUM(I9:I12) -> 1.2234317e+08 | J16: =SUM(J9:J14) -> 0 | K16: =J16/I16 -> 0 | L16: =SUM(L9:L14) -> 5.4018505e+08 | M16: =SUM(M9:M14) -> 0 | N16: =M16/L16 -> 0 | O16: =SUM(O9:O14) -> 0 | P16: =SUM(P9:P12) -> 0 | Q16: =SUM(Q9:Q15) -> 0 | R16: =SUM(R9:R15) -> 0
A18: =CONCATENATE("TP.HCM "," Ngày ",TEXT(I6,"dd")," Tháng ",TEXT(I6,"mm")," Năm ",TEXT(I6,"yyyy")) -> TP.HCM Ngày 01 Tháng 01 Năm 2026
B20: Cập nhật | N20: Trưởng Phòng Kế Toán | S20: Giám đốc
B26: Lê Nam Phương | N26: Chung Thanh Huệ | S26: Nguyễn Thị Thu Hằng

Sheet KA
A1: CÔNG TY TNHH VIỆT LIÊN
A2: Lầu 4, P.9, 105 Tôn Dật Tiên, P. Tân Phú, Q.7
A3: ĐT: 08.54136608 - Fax: 08. 54136607
A4: =CONCATENATE(" BONUS REPORT FOR K.A & ADMIN IN ",TEXT(E6,"mm")," /",TEXT(E6," yyyy")) -> BONUS REPORT FOR K.A & ADMIN IN 01 / 2026
A5: =CONCATENATE(" From ",TEXT(E6," dd / mm / yyyy"), " To ",TEXT(K6," dd / mm / yyyy")) -> From 01 / 01 / 2026 To 31 / 01 / 2026
C6: 4 | D6: 2025 | E6: 46023 | G6: 12 | H6: 2025 | K6: 46053
A7: No. | B7: NAME | C7: TEAM | D7: POSITION | E7: STAFF CODE | F7: TOTAL SALES | I7: Tổng doanh số bán ra của NVBH | J7: % đạt được | K7: COMMISSION | O7: Attendance Bonus | P7: Doanh số Dealer | Q7: TOTAL BONUS
F8: TARGET | G8: SALE IN | H8: % | K8: Level 0 >= 70% <=80% | L8: Level 1 > 80% <=90% | M8: Level 2 >90% -<=100% | N8: Level 3 từ 100% trở lên
A9: 1 | B9: LE NAM PHUONG | C9: MT | D9: KA | E9: NV130 | F9: =VLOOKUP($B9,'SALES BY SYSTEM'!$A$4:$M$27,3,0) -> 2079900000 | G9: =VLOOKUP(B9,'SALES BY SYSTEM'!$A$4:$M$27,4,0) -> 0 | H9: =G9/F9 -> 0 | K9: =IF(AND(H9>=70%,H9<=80%),(H9-70%)*1000000,0) -> 0 | L9: =IF(AND(H9>80%,H9<=90%),((H9-80%)*100*100000)+750000,0) -> 0 | M9: =IF(AND(H9>90%,H9<=100%),((H9-90%)*100*150000)+1500000,0) -> 0 | N9: =IF(H9>100%,((H9-100%)*100*150000)+3000000,0) -> 0
A10: 2 | B10: TRAN THI THAO NGUYEN | C10: MT | D10: KA | F10: =VLOOKUP(B10,'SALES BY SYSTEM'!A7:M50,3,0) -> 2131700000 | G10: =VLOOKUP(B10,'SALES BY SYSTEM'!$A$4:$M$27,4,0) -> 0 | H10: =G10/F10 -> 0 | K10: =IF(AND(H10>=70%,H10<=80%),(H10-70%)*1000000,0) -> 0 | L10: =IF(AND(H10>80%,H10<=90%),((H10-80%)*100*100000)+750000,0) -> 0 | M10: =IF(AND(H10>90%,H10<=100%),((H10-90%)*100*150000)+1500000,0) -> 0 | N10: =IF(H10>100%,((H10-100%)*100*150000)+3000000,0) -> 0
A11: 3 | B11: VAVANCY-VU MINH TUAN | C11: MT | F11: =VLOOKUP(B11,'SALES BY SYSTEM'!A8:M51,3,0) -> 788500000 | G11: =VLOOKUP(B11,'SALES BY SYSTEM'!$A$4:$M$27,4,0) -> 0 | H11: =G11/F11 -> 0 | K11: =IF(AND(H11>=70%,H11<=80%),(H11-70%)*1000000,0) -> 0
A12: 4 | C12: MT | D12: AD | F12: =SUM(F9:F11) -> 5000100000 | G12: =SUM(G9:G11) -> 0 | H12: =G12/F12 -> 0 | K12: =IF(AND(H12>=70%,H12<=80%),(H12-70%)*1000000,0) -> 0 | L12: =IF(AND(H12>80%,H12<=90%),1500000,0) -> 0 | M12: =IF(AND(H12>90%,H12<=100%),2000000,0) -> 0 | N12: =IF(H12>100%,2500000,0) -> 0
A13: TOTAL | F13: =SUM(F9:F11) -> 5000100000 | G13: =SUM(G9:G11) -> 0 | H13: =G13/F13 -> 0 | I13: 0 | J13: 0 | K13: =SUM(K9:K9) -> 0 | L13: =SUM(L9:L9) -> 0 | M13: =SUM(M9:M9) -> 0 | N13: =SUM(N9:N12) -> 0 | O13: =SUM(O9:O12) -> 0 | P13: =SUM(P9:P9) -> 0 | Q13: =SUM(Q9:Q12) -> 0
A18: Cập nhật | H18: TP Kế Toán | O18: Giám đốc
A27: Lê Nam Phương | H27: Chung Thanh Huệ | O27: Nguyễn Thị Thu Hằng

Sheet DOANH SO NAM
A2: THÁNG | B2: TARGET | G2: SALE IN | H2: % | I2: FUJITSU VM/VM+ | J2: FUJITSU LONG CHAU | K2: FUJITSU | L2: FUJITSU | M2: FUJITSU | N2: FUJITSU | O2: FUJITSU | P2: FUJITSU | Q2: BAKING | R2: BAKING | S2: BAKING | T2: BAKING | U2: BAKING | V2: BAKING | W2: BAKING | X2: BAKING | Y2: BAKING | Z2: BAKING
C3: FUJITSU | D3: COLEMAN | E3: AZARINE | F3: BAKING SODA | K3: COOP | L3: MEGA | M3: Aeon City | N3: Big C | O3: Lotte | P3: Emart | Q3: LONG CHÂU | R3: BHX | S3: COOP | T3: BIG C | U3: MEGA | V3: LOTTE | W3: VIN | X3: KINGFOOD | Y3: ÂN NAM | Z3: GHENSHAI
A4: THÁNG 1 | B4: 5000000000 | C4: 6.4087639e+08 | D4: 64101400 | F4: 1.3601746e+09 | G4: =SUM(C4:F4) -> 2.0651524e+09 | H4: =G4/B4 -> 0.41303047 | I4: 310868800 | J4: 74646000 | K4: 95000000 | N4: 51367800 | O4: 6187500 | P4: 68035000 | Q4: 199964160 | R4: 283166400 | S4: 205000000 | T4: 169158000 | U4: 39688704 | V4: 98618520 | W4: 284454720 | X4: 29752925 | Y4: 26620580 | Z4: 5561820
A5: THÁNG 2 | B5: 4200000000 | C5: 7.324298e+08 | D5: 41661730 | F5: 1.3389964e+09 | G5: =SUM(C5:F5) -> 2.1130879e+09 | H5: =G5/B5 -> 0.50311617 | I5: 314734200 | J5: 68880240 | K5: 109000000 | N5: 49375920 | O5: 21064120 | P5: 48653000 | Q5: 300000000 | R5: 238972800 | S5: 126000000 | T5: 202000000 | U5: 51264576 | V5: 65313600 | W5: 285532500 | X5: 44641320 | Y5: 26675607 | Z5: 12612489
A6: THÁNG 3 | B6: 5500000000 | C6: 3.847866e+08 | D6: 54248095 | E6: 209444400 | F6: 1.2778527e+09 | G6: =SUM(C6:F6) -> 1.9263318e+09 | H6: =G6/B6 -> 0.35024215 | I6: 229766900 | J6: 31680000 | K6: 20000000 | N6: 30090500 | O6: 20447900 | P6: 28226000 | Q6: 90478080 | R6: 379737600 | S6: 222000000 | T6: 153620280 | U6: 44649792 | V6: 58740000 | W6: 226036800 | X6: 43931687 | Y6: 22993800 | Z6: 10421363
A7: THÁNG 4 | B7: 5500000000 | C7: 5.0655785e+08 | D7: 15151400 | E7: 36019500 | F7: 1.5333352e+09 | G7: =SUM(C7:F7) -> 2.0910639e+09 | H7: =G7/B7 -> 0.38019344 | I7: 281023600 | J7: 47520000 | K7: 62000000 | N7: 20500000 | O7: 20800000 | P7: 42053000 | Q7: 188112672 | R7: 419020800 | S7: 245000000 | T7: 133702800 | U7: 140541434 | V7: 47982000 | W7: 263340000 | X7: 33273074 | Y7: 26488431 | Z7: 9600686.7
A8: THÁNG 5 | B8: 6000000000 | C8: 4.5815467e+08 | D8: 3.497413e+08 | E8: 42562740 | F8: 1233422927 | G8: =SUM(C8:F8) -> 2.0838816e+09 | H8: =G8/B8 -> 0.34731361 | I8: 232777600 | J8: 49896000
A9: THÁNG 6 | B9: 6000000000 | G9: =SUM(C9:F9) -> 0 | H9: =G9/B9 -> 0
A10: THÁNG 7 | B10: 6000000000 | G10: =SUM(C10:F10) -> 0 | H10: =G10/B10 -> 0
A11: THÁNG 8 | B11: 6000000000 | G11: =SUM(C11:F11) -> 0 | H11: =G11/B11 -> 0
A12: THÁNG 9 | B12: 6000000000 | G12: =SUM(C12:F12) -> 0 | H12: =G12/B12 -> 0
A13: THÁNG 10 | B13: 6000000000 | G13: =SUM(C13:F13) -> 0 | H13: =G13/B13 -> 0
A14: THÁNG 11 | B14: 6000000000 | G14: =SUM(C14:F14) -> 0 | H14: =G14/B14 -> 0
A15: THÁNG 12 | B15: 6000000000 | G15: =SUM(C15:F15) -> 0 | H15: =G15/B15 -> 0
A16: TOTAL | B16: =SUM(B4:B15) -> 68200000000 | C16: =SUM(C4:C15) -> 2.7228053e+09 | D16: =SUM(D4:D15) -> 5.2490392e+08 | E16: =SUM(E4:E15) -> 288026640 | F16: =SUM(F4:F15) -> 6.7437818e+09 | G16: =SUM(G4:G15) -> 1.0279518e+10 | H16: =G16/B16 -> 0.15072607 | I16: =SUM(I4:I15) -> 1369171100 | J16: =SUM(J4:J15) -> 272622240 | K16: =SUM(K4:K15) -> 286000000 | L16: =SUM(L4:L15) -> 0 | M16: =SUM(M4:M15) -> 0 | N16: =SUM(N4:N15) -> 151334220 | O16: =SUM(O4:O15) -> 68499520 | P16: =SUM(P4:P15) -> 186967000 | ... Z16: =SUM(Z4:Z15) -> 38196358
O17: 561970950 | P17: 407672100 | Q17: 1093192384 | R17: 3.5494069e+09 | S17: 1135500000 | T17: 1383914340 | U17: 316720800 | V17: 422489560 | W17: 1788406500 | X17: 1.3413857e+08 | Z17: 105698835
O18: 4.8301557e+08 | P18: 5.0054217e+08 | Q18: 1568540080 | R18: 2691750072 | S18: 1919563000 | T18: 1717397060 | U18: 5.5356191e+08 | V18: 715616100 | W18: 1951888880 | X18: 3.0731242e+08 | Y18: 0 | Z18: 1.2368008e+08
O19: =O16-O18 -> -4.1451605e+08 | P19: =P16-P18 -> -3.1357517e+08 | Q19: =Q16-Q18 -> -789985168 | R19: =R16-R18 -> -1370852472 | S19: =S16-S18 -> -1121563000 | T19: =T16-T18 -> -1058915980 | U19: =U16-U18 -> -2.774174e+08 | V19: =V16-V18 -> -444961980 | W19: =W16-W18 -> -892524860 | X19: =X16-X17 -> 17460433 | Z19: =Z16-Z17 -> -67502477
O20: =O16/O18 -> 0.14181638 | P20: =P16/P18 -> 0.37352897 | Q20: =Q16/Q18 -> 0.4963564 | R20: =R16/R18 -> 0.49072074 | S20: =S16/S18 -> 0.41571962 | T20: =T16/T18 -> 0.38341808 | U20: =U16/U18 -> 0.49885027 | V20: =V16/V18 -> 0.37821133 | ... X20: =X16/X18 -> 0.49330582 | Z20: =Z16/Z18 -> 0.30883194
O21: =O18/12 -> 40251297 | P21: =P18/12 -> 41711847 | Q21: =Q18/12 -> 1.3071167e+08 | R21: =R18/12 -> 224312506 | S21: =S18/12 -> 1.5996358e+08 | T21: =T18/12 -> 1.4311642e+08 | U21: =U18/12 -> 46130159 | V21: =V18/12 -> 59634675 | ... X21: =X18/12 -> 25609368 | Z21: =Z18/12 -> 10306673
D31: 140000000000
D33: =D29*D31 -> 0
D35: =D33/12 -> 0

Sheet Sheet1
A1: mật khẩu :1234546
